giocatore,squadra,ruolo,ruolo_fine,minuti,TPI_totale,TPI_casa,TPI_trasferta,TPI_vs_top6,TPI_vs_forti,TPI_ext_totale,totale_output_adj,totale_centralita,totale_boost_ratio,totale_consistenza,casa_output_adj,trasferta_output_adj,vs_top6_output_adj,vs_forti_output_adj,goal_tot,xg_tot_conv,conv_ratio,finishing_quality,goal_minus_xg,xg_p90,xa_p90,sos,form_ewma,form_trend,eta,eta_index,partite_disponibili,partite_giocate,n_infortuni,giorni_out,affidabilita_fisica,rank_TPI,rank_TPI_ext,rank_output_adj,rank_conv,rank_eta,rank_affidabilita,z_totale_output_adj,z_totale_centralita,z_totale_boost_ratio,z_totale_consistenza,z_conv_ratio,z_finishing,z_eta_index,z_affidabilita_fisica
Lautaro Martínez,Inter,ATT,CENTRAVANTI,2205.0,1.8447,1.8134,1.917,1.2577,1.7517,1.1726,0.8319,29.7658,1.1731,0.5528,0.8175,0.7035,0.5585,0.6041,17,17.13,0.992,-0.0314,-0.13,0.699,0.2559,1.0142,0.9344,-0.088,28.75,0.3217,38,30,1,13,0.8208,1,1,1,108,255,223,3.0,2.2434,1.2391,1.6114,0.2645,0.371,-0.8999,-0.1545
Scott McTominay,Napoli,CEN,MEZZALA,2798.0,1.4713,1.1948,1.5436,1.5328,1.4835,0.8865,0.3936,24.6349,,0.5192,0.3417,0.3897,0.4064,0.3809,10,11.65,0.858,-0.4834,-1.65,0.375,0.0647,1.0099,0.5853,0.379,29.46,0.2706,38,33,1,42,0.7959,2,4,70,143,271,250,2.8247,3.0,,1.7508,0.0051,-0.4648,-0.9315,-0.5885
Donyell Malen,Roma,ATT,CENTRAVANTI,1499.0,1.3748,1.0661,1.1364,0.8691,0.7178,1.0126,0.6674,31.3871,1.1317,0.6133,0.6429,0.5557,0.5573,0.5271,11,12.17,0.904,-0.3354,-1.17,0.731,0.0931,1.0025,0.9401,0.135,27.34,0.4509,18,18,0,0,1.0,3,2,3,127,214,3,2.6563,2.567,0.9198,2.2891,0.0848,-0.0022,-0.309,1.2809
Marcus Thuram,Inter,ATT,CENTRAVANTI,1933.0,1.289,1.4907,0.9419,1.4624,1.5991,0.8609,0.6634,22.8267,1.0532,0.5153,0.687,0.5328,0.5523,0.6047,13,11.89,1.093,0.3219,1.11,0.554,0.2077,1.0249,1.1719,0.309,28.8,0.3177,38,29,0,0,0.8816,4,6,4,83,256,156,2.6102,0.8585,0.3142,1.1913,0.4708,0.8047,-0.9182,0.3325
Federico Dimarco,Inter,DIF,QUINTO,2709.0,1.1949,1.1801,1.1585,1.0964,1.1723,0.8829,0.6465,26.9963,,0.5336,0.5995,0.53,0.302,0.3592,7,7.29,0.96,-0.1074,-0.29,0.242,0.5299,1.0129,0.6242,-0.226,28.53,0.3395,38,35,0,0,0.9605,5,5,6,114,249,47,3.0,3.0,,2.7212,0.3602,0.1537,-0.699,1.1126
Mario Pasalic,Atalanta,CEN,MEZZALA,1922.0,1.1481,1.1673,0.929,0.7451,0.7201,0.7896,0.3758,15.9845,,0.3868,0.4022,0.274,0.2848,0.2848,3,3.46,0.867,-0.2473,-0.46,0.162,0.2922,1.0172,0.6787,0.085,31.29,0.1818,38,33,0,0,0.9342,6,8,86,137,306,88,2.568,1.276,,0.0714,0.0226,-0.1092,-1.3141,0.8939
Christian Pulisic,AC Milan,ATT,ALA,1612.0,1.1243,0.9408,1.3861,0.8974,1.0271,0.7798,0.6479,26.1402,0.8381,0.4628,0.5782,0.61,0.5023,0.5174,8,8.8,0.909,-0.2697,-0.8,0.491,0.2803,1.018,0.9185,-0.145,27.68,0.4168,38,30,0,0,0.8947,7,10,5,125,230,138,2.4308,1.5198,-1.3452,0.6032,0.095,0.0785,-0.4649,0.4374
Henrikh Mkhitaryan,Inter,CEN,MEZZALA,1547.0,1.0767,1.1109,0.9094,0.3394,0.4014,0.5113,0.4135,13.5668,1.039,0.4531,0.4149,0.3009,0.2803,0.2943,4,6.04,0.662,-0.8301,-2.04,0.351,0.1926,1.0184,0.7755,0.539,37.34,0.076,38,30,1,4,0.8408,8,28,58,185,349,211,3.0,0.5981,0.1325,0.9124,-0.3762,-0.987,-1.77,-0.1073
Andrea Cambiaso,Juventus,DIF,TERZINO,2846.0,1.0431,0.8923,1.0646,0.6126,1.021,0.7804,0.2697,13.8141,,0.4782,0.2648,0.2314,0.1825,0.2621,3,2.89,1.038,0.0647,0.11,0.091,0.2166,1.0253,0.5438,0.713,26.26,0.5564,38,36,0,0,0.9737,9,9,124,101,166,27,3.0,1.6931,,1.945,0.4903,0.4018,0.2613,1.2315
Wesley,Roma,DIF,QUINTO,2474.0,1.0384,0.6351,1.2342,0.7536,0.6147,0.7914,0.2523,15.1152,1.1366,0.4774,0.1979,0.2661,0.2069,0.1953,5,2.49,2.008,1.5906,2.51,0.091,0.1939,1.0036,0.1809,-0.39,22.71,0.7626,38,30,0,0,0.8947,10,7,133,10,43,138,2.713,2.1636,0.8029,1.9337,2.1084,2.6021,1.1743,0.5197
Kenan Yildiz,Juventus,ATT,TREQUARTISTA,2877.0,0.9979,1.3361,0.5167,1.0362,1.164,0.9807,0.5352,24.3568,,0.539,0.6098,0.415,0.4759,0.4925,9,7.09,1.269,0.7173,1.91,0.222,0.3379,1.0068,0.2816,-0.461,21.05,0.7684,38,36,0,0,0.9737,11,3,15,58,30,27,1.1292,1.1639,,1.4568,0.8302,1.29,1.1433,1.0703
Nicolò Barella,Inter,CEN,MEZZALA,2561.0,0.9886,0.6828,1.1966,0.9543,1.1025,0.6979,0.3739,15.38,,0.5065,0.3358,0.3587,0.3566,0.3712,3,3.81,0.787,-0.415,-0.81,0.134,0.2804,0.9992,0.1991,-0.526,29.29,0.2819,38,34,0,0,0.9474,12,14,89,161,267,67,2.5412,1.1065,,1.5897,-0.133,-0.3618,-0.8828,1.0353
Weston McKennie,Juventus,CEN,QUINTO,2857.0,0.9864,1.0946,0.6121,0.7556,0.8694,0.7008,0.3943,18.8062,,0.4617,0.4487,0.2728,0.3662,0.3828,5,8.64,0.579,-1.2384,-3.64,0.272,0.1704,1.0171,0.2534,-0.407,27.74,0.411,38,36,0,0,0.9737,13,13,69,204,232,27,2.8361,2.0672,,1.0214,-0.5376,-1.6019,-0.3265,1.3172
Nikola Krstovic,Atalanta,ATT,CENTRAVANTI,1781.0,0.9803,0.7429,1.2022,0.668,0.5907,0.7112,0.781,28.5727,,0.4542,0.7014,0.6922,0.569,0.5675,10,15.69,0.637,-1.4365,-5.69,0.793,0.1637,1.0151,0.8205,-0.354,26.13,0.5687,38,33,0,0,0.9342,14,12,2,189,160,88,3.0,2.0053,,0.5069,-0.4606,-1.3537,0.2299,0.7539
Adrien Rabiot,AC Milan,CEN,MEZZALA,2546.0,0.9348,1.0307,0.9115,-0.05,0.021,0.4207,0.2767,16.9685,0.9045,0.4533,0.2896,0.2389,0.1378,0.1365,6,4.36,1.376,0.7854,1.64,0.154,0.1396,0.9943,0.3335,0.147,31.14,0.1871,38,29,0,0,0.8816,15,43,120,47,303,156,1.1379,1.5519,-0.8914,0.9149,1.0128,1.4461,-1.2913,0.3301
Rafael Leão,AC Milan,ATT,ALA,1874.0,0.9038,1.5382,0.1499,0.8667,1.049,0.5873,0.5854,25.4165,0.8616,0.503,0.6888,0.4006,0.4914,0.514,7,8.08,0.866,-0.3799,-1.08,0.388,0.2396,0.9793,1.0351,0.75,26.95,0.4909,38,29,0,0,0.8816,16,22,10,139,201,156,1.7091,1.3754,-1.1639,1.0536,0.0071,-0.0568,-0.126,0.3325
Paulo Dybala,Roma,ATT,TREQUARTISTA,1360.0,0.8588,0.242,1.1356,0.325,0.2778,0.0902,0.6452,27.0509,1.1151,0.5435,0.5356,0.6292,0.4947,0.4657,2,5.54,0.361,-1.504,-3.54,0.367,0.4215,1.0223,1.0233,0.533,32.52,0.1474,38,22,1,102,0.5445,17,130,7,235,324,340,2.3999,1.7016,0.7917,1.5072,-1.0243,-1.4366,-1.6972,-2.3678
Jari Vandeputte,Cremonese,CEN,MEZZALA,1977.0,0.8537,0.6406,0.8354,0.7194,0.6814,0.6596,0.3291,22.3459,1.2498,0.4972,0.3112,0.2918,0.3135,0.3136,1,2.09,0.478,-0.754,-1.09,0.095,0.285,1.0087,0.2769,-0.25,30.27,0.2244,38,32,0,0,0.9211,18,17,104,220,291,108,1.8953,3.0,1.7374,1.4717,-0.7341,-0.8724,-1.1306,0.7534
Alexis Saelemaekers,AC Milan,DIF,QUINTO,2819.0,0.8283,0.921,0.5217,0.7468,0.7721,0.6208,0.2424,14.6564,,0.4749,0.2716,0.1679,0.2434,0.2456,3,3.6,0.833,-0.3162,-0.6,0.115,0.1526,0.9999,0.3735,0.296,26.91,0.4947,38,35,0,0,0.9605,19,21,140,152,199,47,2.5049,1.9977,,1.8987,0.1484,-0.1474,-0.0119,1.1126
Kristian Thorstvedt,Sassuolo,CEN,MEZZALA,2450.0,0.8264,0.9964,0.4891,1.1715,1.1251,0.559,0.3111,20.2255,1.2146,0.4463,0.355,0.2306,0.3759,0.3759,4,6.65,0.602,-1.0276,-2.65,0.244,0.0966,1.0078,0.3712,0.019,27.2,0.4653,38,32,0,0,0.9211,20,26,111,196,209,108,1.6342,2.4651,1.4694,0.8261,-0.4929,-1.2845,-0.0925,0.7534
Armand Lauriente,Sassuolo,ATT,ALA,2655.0,0.7908,1.0167,0.5069,1.1548,1.0815,0.641,0.4401,24.5759,,0.5114,0.5086,0.3689,0.4759,0.4748,7,4.4,1.591,1.2395,2.6,0.149,0.2885,0.992,0.6234,0.394,27.47,0.4377,38,38,0,0,1.0,21,19,43,31,222,3,0.0306,1.2076,,1.1476,1.4879,1.931,-0.3693,1.2809
Davide Zappacosta,Atalanta,DIF,QUINTO,2605.0,0.7798,0.6977,0.7741,0.2084,0.1975,0.4676,0.2452,12.9137,,0.3874,0.2427,0.2086,0.1525,0.1528,3,3.25,0.923,-0.1387,-0.25,0.112,0.1558,0.9806,0.51,0.549,33.95,0.1207,38,35,0,0,0.9605,22,34,139,121,340,47,2.5645,1.3675,,0.6727,0.2985,0.1085,-1.6678,1.1126
Nico Paz,Como,ATT,TREQUARTISTA,2905.0,0.7789,0.76,0.8541,1.6579,2.1106,0.6952,0.4407,22.2361,,0.4646,0.4802,0.3991,0.5334,0.5916,12,7.38,1.626,1.7006,4.62,0.229,0.2181,1.0117,0.4848,-0.001,21.71,0.7784,38,35,0,0,0.9605,23,15,42,27,4,47,0.0367,0.7406,,0.6234,1.5594,2.497,1.189,0.9645
Cesare Casadei,Torino,CEN,MEZZALA,1971.0,0.7727,1.1242,0.36,0.6282,0.6113,0.6518,0.274,15.3623,,0.3281,0.3291,0.1932,0.2575,0.2575,6,4.66,1.288,0.6207,1.34,0.213,0.0826,0.9771,0.4839,0.046,23.37,0.7469,38,33,0,0,0.9342,24,18,123,55,65,88,1.0999,1.1015,,-0.6731,0.8416,1.1981,1.1209,0.8939
Aarón Martín,Genoa,DIF,QUINTO,2167.0,0.7539,0.7655,0.6387,0.6607,0.6208,0.5615,0.2537,16.9891,,0.2932,0.2755,0.1881,0.259,0.2594,1,0.55,1.818,0.6068,0.45,0.023,0.2712,0.9978,0.1892,-0.554,29.09,0.296,38,33,0,0,0.9342,25,25,132,17,262,88,2.7404,2.8412,,-0.6473,1.7914,1.1835,-0.8916,0.8756
Tasos Douvikas,Como,ATT,CENTRAVANTI,2279.0,0.7378,0.7842,0.5614,0.7249,0.682,0.6909,0.5961,23.1216,,0.5022,0.6229,0.4943,0.5345,0.5409,13,14.39,0.903,-0.3664,-1.39,0.568,0.0892,1.0134,0.7703,0.146,26.81,0.5041,38,38,0,0,1.0,26,16,9,128,193,3,1.8327,0.9174,,1.0446,0.0827,-0.0402,-0.0656,1.2809
Martin Baturina,Como,ATT,ALA,1579.0,0.7277,1.1217,0.257,0.5642,0.6325,0.5793,0.4634,16.2537,1.0482,0.4109,0.5822,0.336,0.3882,0.3924,6,1.9,3.158,2.9745,4.1,0.108,0.3819,1.0262,0.5843,-0.054,23.27,0.7484,38,29,1,35,0.7588,27,24,35,4,55,274,0.2996,-0.4533,0.2756,0.0219,3.0,3.0,1.0518,-0.6511
Medon Berisha,Lecce,CEN,TREQUARTISTA,893.0,0.7185,0.5904,0.6368,0.7338,0.7332,0.629,0.2779,23.7784,1.1043,0.4709,0.2618,0.2349,,,2,1.32,1.515,0.5919,0.68,0.133,0.2892,1.0584,0.4367,0.192,22.59,0.7667,38,13,2,285,0.3811,28,20,117,38,34,353,1.1559,3.0,0.6297,1.1381,1.2832,1.1547,1.2062,-3.0
Charles De Ketelaere,Atalanta,ATT,TREQUARTISTA,2206.0,0.7173,0.9421,0.4575,0.3934,0.337,0.4823,0.5792,25.9718,0.9063,0.5152,0.64,0.4495,0.4693,0.4681,3,4.55,0.659,-0.7267,-1.55,0.186,0.4341,0.9992,0.2342,-0.571,25.2,0.6514,38,31,1,30,0.7962,29,32,12,186,131,249,1.6371,1.4862,-0.8191,1.1902,-0.4156,-0.4825,0.6081,-0.3516
Jonathan Christian David,Juventus,ATT,CENTRAVANTI,1784.0,0.7053,0.4756,0.7925,-0.4543,-0.3196,0.4237,0.6428,20.9636,,0.4154,0.6145,0.5669,0.3554,0.3717,6,10.71,0.56,-1.4392,-4.71,0.54,0.2139,1.0122,1.1556,0.426,26.36,0.5469,38,35,0,0,0.9605,30,40,8,208,176,47,2.3722,0.4867,,0.0723,-0.6178,-1.3571,0.1301,0.9645
Hakan Calhanoglu,Inter,CEN,MEZZALA,1674.0,0.7004,0.5995,0.7621,0.7061,0.572,0.2429,0.2476,11.3559,0.8834,0.4567,0.2627,0.2089,0.242,0.2269,5,1.32,3.788,3.203,3.68,0.071,0.1871,0.9521,0.1946,-0.311,32.29,0.1528,38,22,1,18,0.7045,31,78,137,2,321,310,0.7189,-0.0219,-1.052,0.958,3.0,3.0,-1.4391,-1.5682
Lucas Da Cunha,Como,CEN,MEDIANO,2765.0,0.6595,0.4807,0.7878,1.2479,1.2919,0.5002,0.2983,15.2824,,0.4917,0.2879,0.2792,0.4467,0.444,2,3.88,0.515,-0.9544,-1.88,0.126,0.1959,1.008,0.3513,0.115,24.96,0.6702,38,36,0,0,0.9737,32,29,116,213,117,27,1.4505,1.0791,,1.4019,-0.6621,-1.1742,0.7904,1.3172
Arthur Atta,Udinese,CEN,MEZZALA,2575.0,0.6528,0.4463,0.8982,0.3523,0.3367,0.5824,0.2481,17.859,1.0074,0.4604,0.227,0.2536,0.212,0.212,5,4.21,1.188,0.385,0.79,0.147,0.1136,1.0055,0.1922,-0.272,23.36,0.7471,38,32,0,0,0.9211,33,23,136,70,62,108,0.7251,1.8016,-0.108,1.0049,0.6471,0.8431,1.1217,0.7534
Adrián Bernabé,Parma Calcio 1913,CEN,MEZZALA,2542.0,0.6388,0.3138,0.8359,0.066,0.0519,0.2786,0.2492,20.4768,1.211,0.4802,0.2204,0.2632,0.204,0.204,3,2.63,1.141,0.2282,0.37,0.093,0.1636,0.9841,0.11,-0.545,24.99,0.6679,38,32,2,46,0.7288,34,69,134,77,118,295,0.7409,2.5356,1.442,1.2561,0.5557,0.6069,0.7804,-1.3077
Rasmus Højlund,Napoli,ATT,CENTRAVANTI,2784.0,0.6181,0.6183,0.5865,0.6421,0.4255,0.7347,0.4926,28.1853,,0.5039,0.5181,0.4482,0.4579,0.4181,12,12.56,0.955,-0.158,-0.56,0.406,0.1057,1.0138,0.5927,0.176,23.3,0.748,38,33,0,0,0.9342,35,11,25,115,57,88,0.637,1.928,,1.0636,0.1889,0.2156,1.05,0.7539
Piotr Zielinski,Inter,CEN,MEZZALA,2048.0,0.6045,0.7324,0.3655,0.8893,0.7984,0.4239,0.2318,8.7051,,0.3808,0.2875,0.1712,0.2943,0.2896,5,1.33,3.759,3.1823,3.67,0.058,0.1863,1.0053,0.1522,-0.471,32.01,0.1599,38,34,0,0,0.9474,36,39,144,3,315,67,0.4908,-0.7651,,-0.0047,3.0,3.0,-1.4085,1.0353
Jurgen Ekkelenkamp,Udinese,CEN,MEZZALA,2234.0,0.6,0.3967,0.8242,1.0447,1.031,0.3571,0.2765,18.3276,0.9699,0.3935,0.2445,0.284,0.3668,0.3668,5,4.74,1.055,0.1194,0.26,0.191,0.1027,0.9855,0.3017,0.143,26.13,0.5687,38,31,1,37,0.7807,37,50,121,93,160,259,1.1363,1.933,-0.3935,0.1564,0.3884,0.443,0.353,-0.7515
Domenico Berardi,Sassuolo,ATT,ALA,1995.0,0.5745,0.3626,0.6522,1.2201,1.1373,0.237,0.4308,23.9625,1.1652,0.4947,0.436,0.4255,0.5123,0.511,6,4.51,1.33,0.7016,1.49,0.203,0.2287,1.0075,0.3964,-0.056,31.81,0.1654,38,26,0,0,0.8421,38,81,46,54,313,203,-0.0768,1.0852,1.1782,0.9606,0.9548,1.2708,-1.6149,0.0161
Idrissa Touré,Pisa,DIF,QUINTO,2283.0,0.5514,0.7468,0.0209,0.3686,0.3383,0.4224,0.2269,17.2918,1.0829,0.2713,0.3029,0.1131,0.1815,0.1819,1,2.99,0.334,-1.1508,-1.99,0.118,0.1403,1.0109,0.7117,1.238,24.64,0.6928,38,32,0,0,0.9211,39,42,147,238,111,108,2.1823,2.9507,0.3961,-0.9541,-0.684,-1.3508,0.8653,0.7576
Rolando Mandragora,Fiorentina,CEN,MEZZALA,2470.0,0.5387,0.6977,0.2832,0.3206,0.3156,0.3324,0.2382,14.3855,,0.4471,0.2858,0.1792,0.2124,0.2124,6,3.93,1.527,1.0442,2.07,0.143,0.1049,1.0015,0.142,-0.504,28.9,0.31,38,34,0,0,0.9474,40,55,143,37,258,67,0.5826,0.8276,,0.8363,1.3066,1.8359,-0.7617,1.0353
Keinan Davis,Udinese,ATT,CENTRAVANTI,2106.0,0.5355,-0.0451,1.2426,-0.0561,-0.0591,0.256,0.4725,26.1037,0.9952,0.3582,0.4093,0.5205,0.3212,0.3201,6,6.84,0.877,-0.3212,-0.84,0.292,0.1842,0.9856,1.0358,0.802,28.27,0.3618,38,30,0,0,0.8947,41,77,30,133,239,138,0.4039,1.5125,-0.1333,-0.5685,0.0296,0.0153,-0.7165,0.4374
Giorgio Scalvini,Atalanta,DIF,CENTRALE,1841.0,0.5319,0.377,0.4817,0.6649,0.6122,0.4686,0.222,12.1923,1.1767,0.4365,0.2218,0.177,0.26,0.2604,3,3.84,0.781,-0.4287,-0.84,0.188,0.0772,1.0116,0.0947,-0.647,22.45,0.7708,38,24,0,0,0.8158,42,33,148,162,24,231,2.0783,1.1066,1.1067,1.3607,0.0616,-0.3096,1.2106,-0.1912
Juan Miranda,Bologna,DIF,TERZINO,2576.0,0.5261,0.5004,0.3899,0.0406,0.0425,0.2743,0.1657,11.8405,1.3781,0.4499,0.195,0.1228,0.1107,0.1111,1,0.53,1.887,0.6456,0.47,0.019,0.1576,1.0035,0.1088,-0.442,26.34,0.5488,38,32,1,46,0.7738,43,71,196,14,173,265,0.9047,0.9794,2.6325,1.5484,1.9065,1.2395,0.2277,-0.5696
Ruslan Malinovskiy,Genoa,CEN,MEZZALA,2279.0,0.5183,0.6003,0.3716,0.1545,0.1464,0.2988,0.2468,15.0366,,0.3999,0.2783,0.1973,0.2405,0.2405,3,2.1,1.429,0.6211,0.9,0.083,0.171,0.9741,0.1848,-0.316,33.05,0.1363,38,34,1,5,0.8913,44,67,138,44,331,146,0.7076,1.0102,,0.2376,1.1159,1.1987,-1.5102,0.434
Denzel Dumfries,Inter,DIF,QUINTO,1332.0,0.5017,0.6111,0.1008,0.4271,0.2651,0.1742,0.2548,12.8544,0.8585,0.4969,0.2728,0.1391,0.2045,0.1913,3,3.65,0.822,-0.3402,-0.65,0.247,0.0953,0.9963,0.1951,-0.309,30.1,0.2331,38,20,0,0,0.7632,45,99,131,156,282,269,2.7635,1.346,-1.3039,2.207,0.13,-0.182,-1.1701,-0.6651
Moise Kean,Fiorentina,ATT,CENTRAVANTI,2042.0,0.5014,0.9132,0.0758,-0.0422,-0.0749,0.1885,0.5784,30.9911,1.2256,0.1866,0.6952,0.4009,0.3935,0.3925,6,13.86,0.433,-2.1113,-7.86,0.611,0.0026,0.9791,1.4262,-0.642,26.23,0.5593,38,26,1,7,0.7815,46,93,13,225,164,257,1.6277,2.4879,1.6442,-2.4907,-0.8772,-2.1821,0.1869,-0.4693
Dusan Vlahovic,Juventus,ATT,CENTRAVANTI,972.0,0.4862,-0.0593,0.9669,-0.0867,-0.1443,0.1042,0.5783,21.8711,0.8543,0.3504,0.4865,0.5715,0.3792,0.3644,6,6.76,0.888,-0.2923,-0.76,0.626,0.1157,1.0346,1.1511,0.267,26.32,0.5507,38,19,1,77,0.5339,47,119,14,130,170,342,1.6271,0.6678,-1.2202,-0.6558,0.0521,0.0508,0.1475,-2.4527
Rafik Belghali,Verona,DIF,QUINTO,1935.0,0.4804,0.2958,0.5475,0.3887,0.3579,0.4087,0.1996,16.2763,1.2514,0.4665,0.1615,0.2095,0.1925,0.1929,2,2.59,0.772,-0.3666,-0.59,0.12,0.1028,0.985,0.1042,-0.475,23.96,0.7297,38,26,0,0,0.8421,48,45,159,164,83,203,1.6117,2.5835,1.6726,1.781,0.0466,-0.2201,1.0287,0.0458
Ulisses García,Sassuolo,DIF,TERZINO,941.0,0.4767,0.4267,0.4166,0.7988,0.7965,0.1194,0.1631,14.4332,1.023,0.3822,0.1631,0.1328,,,1,0.06,,3.8375,0.94,0.006,0.2142,0.9967,0.2954,0.128,30.37,0.2195,38,13,0,0,0.6711,49,111,201,326,293,321,0.8486,1.917,-0.0577,0.5998,,3.0,-1.2304,-1.495
David Neres,Napoli,ATT,ALA,932.0,0.4714,0.3574,0.4734,0.9412,1.088,0.136,0.4728,18.2392,1.1813,0.4613,0.4934,0.4297,0.5328,0.5571,3,1.49,2.013,1.237,1.51,0.144,0.366,0.986,0.5326,0.119,26.36,0.5469,38,16,1,118,0.4655,50,107,29,9,176,350,0.4083,-0.0571,1.3024,0.5864,2.3498,1.928,0.1301,-3.0
Nicolo Fagioli,Fiorentina,CEN,MEZZALA,2588.0,0.4698,0.386,0.4785,0.3891,0.3611,0.4824,0.2402,15.1415,,0.4344,0.2569,0.2108,0.2581,0.2581,2,1.92,1.042,0.0577,0.08,0.067,0.1815,0.9948,0.1236,-0.517,25.28,0.6449,38,33,0,0,0.9342,51,31,142,97,133,88,0.6122,1.0396,,0.6752,0.3631,0.3501,0.6813,0.8939
Gift Orban,Verona,ATT,CENTRAVANTI,2055.0,0.4695,-0.1031,0.9344,0.2718,0.2096,0.3871,0.533,35.7413,1.2646,0.3783,0.4404,0.5942,0.4699,0.4687,5,10.73,0.466,-1.7493,-5.73,0.47,0.1108,1.0309,0.5709,-0.227,23.85,0.734,38,28,0,0,0.8684,52,48,16,223,80,172,1.1034,3.0,1.945,-0.3433,-0.8098,-1.7377,0.986,0.2268
Leonardo Spinazzola,Napoli,DIF,QUINTO,1906.0,0.4681,0.3395,0.685,0.5515,0.6409,0.3193,0.1627,9.5852,0.9268,0.2202,0.1319,0.1755,0.1454,0.1747,3,1.22,2.459,1.6115,1.78,0.058,0.1232,1.0154,0.4338,-0.189,33.16,0.1342,38,32,0,0,0.9211,53,61,202,8,332,108,0.8413,0.1638,-0.7865,-1.6701,2.8607,2.6322,-1.608,0.7576
Petar Sucic,Inter,CEN,MEZZALA,1763.0,0.4666,0.4806,0.2407,-0.275,-0.2508,0.4234,0.2765,9.0695,,0.4228,0.3116,0.2028,0.1921,0.2074,2,2.18,0.917,-0.1219,-0.18,0.111,0.2062,1.0102,0.3132,0.173,22.58,0.7671,38,34,0,0,0.9474,54,41,122,123,32,67,1.136,-0.663,,0.528,0.1199,0.0796,1.2079,1.0353
Dodô,Fiorentina,DIF,TERZINO,3158.0,0.4647,0.434,0.3538,0.3729,0.3394,0.3969,0.1835,13.6245,,0.455,0.1956,0.1534,0.1874,0.1878,1,1.38,0.725,-0.3235,-0.38,0.039,0.1539,0.9919,0.1381,-0.273,27.52,0.4327,38,36,0,0,0.9737,55,47,173,174,223,27,1.2749,1.6245,,1.6199,-0.0318,-0.1579,-0.2864,1.2315
Davide Bartesaghi,AC Milan,DIF,QUINTO,2447.0,0.4624,0.6178,0.2013,0.3755,0.4292,0.4297,0.1831,10.9468,1.0392,0.4752,0.2144,0.1312,0.1802,0.1881,2,1.39,1.439,0.5174,0.61,0.051,0.1445,0.9903,0.1021,-0.463,20.4,0.7474,38,31,0,0,0.9079,56,38,174,43,59,123,1.2667,0.6562,0.065,1.9029,1.1592,1.0546,1.107,0.6386
Ismaël Koné,Sassuolo,CEN,MEZZALA,2795.0,0.4606,0.2668,0.6095,0.2386,0.2227,0.4881,0.2196,15.2845,,0.4296,0.2163,0.2174,0.2048,0.2048,6,5.08,1.181,0.4082,0.92,0.164,0.0567,0.9839,0.2491,0.149,25.02,0.6656,38,35,0,0,0.9605,57,30,150,71,120,47,0.3151,1.0797,,0.6143,0.6335,0.878,0.7705,1.1758
Emil Holm,Juventus,DIF,TERZINO,891.0,0.4563,0.2413,0.5206,0.3476,0.3185,0.2655,0.2273,13.4433,0.7993,0.5153,0.1812,0.1986,0.1912,0.1919,1,1.153,0.867,-0.1425,-0.153,0.116,0.2304,1.01,0.3652,0.021,26.03,0.5781,38,18,1,44,0.5941,58,74,146,137,156,334,2.1903,1.559,-1.7524,2.4648,0.2051,0.1031,0.3574,-2.1887
Giovanni Simeone,Torino,ATT,CENTRAVANTI,2273.0,0.455,0.5299,0.2928,1.2429,1.1817,0.2417,0.4984,26.7023,1.0694,0.5114,0.5558,0.414,0.6257,0.6245,11,11.2,0.982,-0.0598,-0.2,0.443,0.074,1.0036,0.504,-0.045,30.89,0.1967,38,32,0,0,0.9211,59,79,24,109,299,108,0.7032,1.632,0.4392,1.1476,0.2441,0.3361,-1.4717,0.6489
Nicola Zalewski,Atalanta,CEN,QUINTO,1917.0,0.4468,0.7561,-0.1107,0.235,0.219,0.2786,0.3286,13.9227,,0.4135,0.3932,0.2041,0.293,0.293,2,3.14,0.637,-0.6433,-1.14,0.147,0.2418,1.0226,0.155,-0.688,24.33,0.7117,38,33,0,0,0.9342,60,69,106,189,102,88,1.8869,0.6979,,0.4101,-0.4248,-0.7057,0.9692,0.8939
Giovanni Di Lorenzo,Napoli,DIF,TERZINO,2278.0,0.4425,0.4366,0.3506,0.1061,0.0266,0.1016,0.1786,12.9431,1.0813,0.405,0.2051,0.1328,0.116,0.1103,2,1.96,1.02,0.0286,0.04,0.077,0.1185,1.0037,0.1149,-0.398,32.8,0.1413,38,26,1,28,0.7349,61,126,181,103,327,292,1.1726,1.3781,0.384,0.9193,0.4603,0.3498,-1.5766,-0.9201
Gianluca Mancini,Roma,DIF,CENTRALE,3087.0,0.4323,0.5338,0.2246,0.771,0.7016,0.3264,0.1449,9.7375,,0.4345,0.1813,0.1039,0.2121,0.2112,4,2.38,1.681,1.0501,1.62,0.069,0.0793,0.9977,0.2035,0.263,30.1,0.2331,38,36,0,0,0.9737,62,59,234,25,282,27,0.4697,0.2189,,1.3326,1.5629,1.8227,-1.1701,1.2315
Matìas Soulè Malvano,Roma,ATT,TREQUARTISTA,2207.0,0.4273,0.6264,0.3186,0.7322,0.5699,0.554,0.3841,16.2982,,0.3071,0.468,0.3145,0.4242,0.4339,6,4.7,1.277,0.5996,1.3,0.192,0.1815,1.0133,1.8304,2.359,23.11,0.7497,38,33,1,64,0.747,63,27,77,56,51,283,-0.6171,-0.4445,,-1.1409,0.8466,1.1456,1.0578,-0.7457
Gianluca Scamacca,Atalanta,ATT,CENTRAVANTI,1318.0,0.421,0.8297,-0.2057,0.1856,0.1694,0.1394,0.5275,18.8145,1.0358,0.4995,0.6301,0.3667,0.4032,0.4015,8,7.35,1.088,0.2398,0.65,0.502,0.0929,1.0179,0.3218,-0.462,27.39,0.4458,38,24,0,0,0.8158,64,104,17,86,220,231,1.0399,0.0577,0.1799,1.0143,0.4606,0.7039,-0.3323,-0.1946
Marco Palestra,Cagliari,DIF,QUINTO,3087.0,0.4175,0.0573,0.7292,0.6341,0.5904,0.4373,0.1688,14.5199,,0.3913,0.1248,0.1976,0.2077,0.208,1,1.64,0.61,-0.4998,-0.64,0.048,0.128,0.9903,0.5271,1.694,21.22,0.7723,38,37,0,0,0.9868,65,37,191,194,22,12,0.9679,1.9483,,0.7273,-0.2236,-0.4121,1.2173,1.3495
Alberto Moreno,Como,DIF,TERZINO,1240.0,0.4164,0.5059,0.1716,0.6413,0.6,0.3219,0.1932,11.4706,1.0507,0.2349,0.2379,0.0993,0.2434,0.2441,2,1.59,1.258,0.3252,0.41,0.115,0.1401,1.038,0.5558,-0.071,22.66,0.7644,38,19,0,0,0.75,66,60,166,59,40,279,1.4773,0.8456,0.1522,-1.4642,0.8573,0.7775,1.1823,-0.7841
Franck Zambo,Napoli,CEN,MEZZALA,1253.0,0.4151,0.1733,0.606,0.513,0.3743,0.0463,0.2481,15.5504,0.9422,0.4406,0.2142,0.251,0.2594,0.2503,4,2.56,1.562,0.9,1.44,0.184,0.1106,1.0273,0.1197,-0.538,30.52,0.2125,38,18,0,0,0.7368,67,150,135,33,295,288,0.7262,1.1543,-0.6044,0.7538,1.3747,1.6187,-1.1819,-1.222
Pierre Kalulu Kyatengwa,Juventus,DIF,CENTRALE,3281.0,0.4055,0.2729,0.438,0.4217,0.8494,0.3162,0.1774,10.3724,,0.4194,0.1833,0.1574,0.1722,0.2507,1,1.45,0.69,-0.3737,-0.45,0.04,0.152,1.0241,0.2422,0.202,25.97,0.5837,38,37,0,0,0.9868,68,62,184,183,151,12,1.1483,0.4485,,1.1211,-0.0902,-0.2303,0.3822,1.3495
Maxence Caqueret,Como,CEN,MEDIANO,1493.0,0.4025,0.3213,0.5469,0.5015,0.6389,0.4186,0.2421,10.633,0.7814,0.4542,0.2233,0.24,0.2608,0.294,2,1.75,1.143,0.189,0.25,0.105,0.167,1.0177,0.4289,0.683,26.27,0.5555,38,30,0,0,0.8947,69,44,141,75,168,138,0.639,-0.2246,-1.8286,0.9263,0.5596,0.5479,0.2961,0.4705
Devyne Rensch,Roma,DIF,QUINTO,1180.0,0.3698,0.1983,0.4729,0.3289,0.3245,0.3454,0.1947,10.3032,0.9233,0.3735,0.1585,0.1863,0.1655,0.1768,1,0.56,1.786,0.588,0.44,0.043,0.2082,1.005,0.28,0.744,23.35,0.7473,38,24,0,0,0.8158,70,52,165,18,61,231,1.5101,0.4235,-0.813,0.4779,1.7381,1.1564,1.1066,-0.1912
Francisco Conceição,Juventus,ATT,TREQUARTISTA,2124.0,0.3678,0.8691,-0.1666,0.5815,0.4532,0.4057,0.5081,20.7145,0.9075,0.5201,0.6319,0.361,0.4957,0.4753,3,8.5,0.353,-1.8865,-5.5,0.36,0.1758,1.0106,0.8307,0.506,23.44,0.7457,38,31,0,0,0.9079,71,46,21,237,70,123,0.8162,0.4369,-0.8098,1.2451,-1.0406,-1.9061,1.0395,0.5432
Nicolo Zaniolo,Udinese,ATT,CENTRAVANTI,2308.0,0.3459,0.2302,0.3085,0.0875,0.0518,0.3552,0.4525,25.27,1.2013,0.585,0.4758,0.4217,0.4088,0.4077,5,6.16,0.812,-0.4674,-1.16,0.24,0.2219,1.0113,0.466,0.078,26.89,0.4966,38,32,0,0,0.9211,72,51,39,159,198,108,0.1732,1.3461,1.4567,1.9721,-0.1031,-0.1642,-0.0999,0.6489
Kevin De Bruyne,Napoli,ATT,TREQUARTISTA,1176.0,0.3348,0.15,0.5061,0.2937,0.1797,0.0502,0.4054,16.7151,1.1615,0.5673,0.4352,0.3921,0.4034,0.3862,2,1.25,1.6,0.6708,0.75,0.096,0.3077,1.0637,0.6628,0.589,34.9,0.1069,38,18,1,15,0.6585,73,148,62,29,343,322,-0.371,-0.3613,1.1497,1.7738,1.5063,1.233,-1.8825,-1.4546
Mergim Vojvoda,Como,DIF,TERZINO,1602.0,0.3331,0.2752,0.3569,0.4439,0.453,0.2397,0.2067,9.8123,0.963,0.3057,0.2029,0.1679,0.2023,0.2136,2,1.47,1.361,0.4371,0.53,0.083,0.1736,1.0239,0.1059,-0.69,31.31,0.1811,38,30,0,0,0.8947,74,80,155,49,307,138,1.759,0.2459,-0.5123,-0.4721,1.0291,0.9388,-1.4004,0.5197
Éderson,Atalanta,CEN,MEZZALA,2253.0,0.3125,0.1463,0.5171,0.2751,0.2479,0.3304,0.265,13.418,1.0019,0.3583,0.2577,0.2494,0.2546,0.2547,1,4.79,0.209,-1.7317,-3.79,0.191,0.0887,0.9916,0.499,0.43,26.88,0.4975,38,30,0,0,0.8947,75,56,127,245,196,138,0.97,0.5563,-0.1499,-0.2901,-1.2574,-2.3449,0.0462,0.4705
Ademola Lookman,Atalanta,ATT,TREQUARTISTA,803.0,0.3075,0.3916,-0.0436,-0.1039,-0.1068,0.0824,0.5174,23.0796,1.0739,0.5514,0.5597,0.4011,,,2,3.86,0.518,-0.9467,-1.86,0.433,0.2578,1.0316,0.7753,0.222,28.59,0.3345,38,12,0,0,0.6579,76,136,19,212,251,324,0.9237,0.909,0.4739,1.5957,-0.7036,-0.7525,-0.8414,-1.4594
Leo Østigard,Genoa,DIF,CENTRALE,2631.0,0.2976,0.1077,0.4247,0.0258,0.0328,0.1941,0.1276,10.726,1.1578,0.4033,0.1185,0.1354,0.1035,0.1038,5,2.91,1.718,1.2252,2.09,0.1,0.0294,1.0038,0.0614,-0.515,26.49,0.5345,38,30,0,0,0.8947,77,91,255,23,185,138,0.109,0.5764,0.9635,0.8955,1.6246,2.0752,0.1644,0.5197
Jesús Rodriguez,Como,ATT,ALA,1728.0,0.2968,0.4292,0.0337,0.0181,-0.2842,0.4517,0.5107,18.1103,1.0855,0.5019,0.5702,0.4071,0.4458,0.394,2,3.9,0.513,-0.9621,-1.9,0.203,0.3635,1.0388,0.8022,0.593,20.5,0.7512,38,31,0,0,0.9079,78,36,20,215,49,123,0.8456,-0.0828,0.5634,1.0412,-0.7138,-0.7714,1.0646,0.5432
Niccolò Pisilli,Roma,CEN,MEZZALA,1263.0,0.2919,0.4098,0.0367,0.0343,0.0826,0.3422,0.2651,11.2474,1.1305,0.3188,0.2902,0.1949,0.181,0.2139,2,2.27,0.881,-0.1792,-0.27,0.162,0.1589,1.0304,0.3722,-0.187,21.66,0.7781,38,25,0,0,0.8289,79,53,126,132,7,218,0.9715,-0.0523,0.8291,-0.7911,0.0499,-0.0067,1.2553,-0.2348
Lorenzo Bernasconi,Atalanta,DIF,QUINTO,1570.0,0.2888,0.0411,0.3942,0.2104,0.1909,0.259,0.1812,9.005,1.2693,0.4821,0.1654,0.1683,0.187,0.1875,0,0.42,,-0.6481,-0.42,0.024,0.1794,0.9701,0.1967,0.086,22.52,0.7689,38,23,1,36,0.6776,80,75,178,326,27,320,1.2278,-0.046,1.8082,1.9996,,-0.626,1.2022,-1.4364
Toma Basic,Lazio,CEN,MEZZALA,1764.0,0.2844,0.0888,0.4814,0.7737,0.7417,-0.1304,0.1921,13.2952,1.0999,0.4902,0.1846,0.2036,0.2811,0.2811,2,1.29,1.55,0.6251,0.71,0.066,0.1219,0.9949,0.1727,-0.127,29.49,0.2687,38,23,1,15,0.7243,81,249,167,34,273,296,-0.0822,0.5219,0.5962,1.3829,1.3513,1.2047,-0.9397,-1.356
Strahinja Pavlovic,AC Milan,DIF,CENTRALE,2876.0,0.2784,0.3623,0.0823,0.5657,0.5466,0.2213,0.14,9.1448,,0.44,0.1736,0.1015,0.208,0.2012,5,3.92,1.276,0.5455,1.08,0.123,0.0222,1.0103,0.0936,-0.352,25.0,0.6672,38,34,0,0,0.9474,82,87,239,57,119,67,0.3677,0.0046,,1.4097,0.8873,1.0951,0.7519,0.9945
Marcus Pedersen,Torino,DIF,QUINTO,2148.0,0.2781,0.2803,0.1943,0.0343,0.0298,0.2679,0.175,12.2182,0.9974,0.3565,0.1853,0.1419,0.1462,0.1466,1,1.63,0.613,-0.4935,-0.63,0.068,0.1215,1.0002,0.356,0.796,25.85,0.5948,38,29,0,0,0.8816,83,73,186,192,148,156,1.0984,1.116,-0.2516,0.2397,-0.2186,-0.4031,0.4314,0.4017
Youssouf Fofana,AC Milan,CEN,MEZZALA,2231.0,0.2775,0.3764,0.083,0.7126,0.7459,0.1034,0.303,14.9104,,0.4464,0.3282,0.2455,0.3868,0.3763,2,4.58,0.437,-1.2056,-2.58,0.185,0.1468,0.9933,0.1224,-0.663,27.37,0.4478,38,33,0,0,0.9342,84,121,115,224,218,88,1.5181,0.9748,,0.8274,-0.8139,-1.5525,-0.168,0.8939
Zachary Athekame,AC Milan,DIF,QUINTO,804.0,0.2762,0.0786,0.403,0.2179,0.2152,0.2716,0.1542,6.1967,1.1766,0.2903,0.1318,0.1527,0.1338,0.1357,2,0.37,,2.6797,1.63,0.041,0.1757,1.0306,0.163,-0.25,21.44,0.776,38,27,0,0,0.8553,85,72,221,326,13,185,0.6632,-1.0615,1.106,-0.6879,,3.0,1.2337,0.1647
Alessandro Bastoni,Inter,DIF,CENTRALE,2269.0,0.275,0.3753,0.0396,0.0093,-0.1759,0.0885,0.1795,8.7571,1.0058,0.4146,0.2139,0.1254,0.1297,0.1191,1,1.69,0.592,-0.5308,-0.69,0.067,0.1273,0.9951,0.0939,-0.487,27.11,0.4747,38,28,1,28,0.7612,86,131,180,201,206,272,1.1926,-0.1356,-0.188,1.0538,-0.2537,-0.4568,-0.1004,-0.6831
Jacobo Ramón,Como,DIF,CENTRALE,2744.0,0.2692,0.2915,0.0811,0.2744,0.1228,0.342,0.1973,11.4625,1.2063,0.3119,0.225,0.1461,0.2261,0.2071,2,5.46,0.366,-1.4807,-3.46,0.179,0.0338,0.9976,0.2263,-0.063,21.38,0.7751,38,32,0,0,0.9211,87,54,163,234,17,108,1.5644,0.8427,1.331,-0.3852,-0.6307,-1.8265,1.2297,0.7576
Kephren Thuram,Juventus,CEN,MEZZALA,2481.0,0.2647,0.4594,-0.0599,0.0812,0.1413,0.235,0.2306,10.7305,,0.5,0.2939,0.1555,0.1975,0.2118,3,4.07,0.737,-0.5304,-1.07,0.148,0.0954,1.019,0.3994,0.498,28.8,0.3177,38,35,0,0,0.9605,88,82,145,172,256,47,0.4734,-0.1972,,1.5072,-0.2303,-0.5356,-0.7286,1.1758
Kenneth Taylor,Lazio,CEN,MEZZALA,1418.0,0.2637,0.126,0.3951,0.3404,0.3339,0.3046,0.2,15.1566,1.0891,0.4359,0.1973,0.2025,0.2275,0.2276,3,2.1,1.429,0.6211,0.9,0.133,0.0685,1.0086,0.1174,-0.386,24.02,0.7271,21,17,0,0,0.9048,89,64,158,44,86,130,0.0313,1.0438,0.514,0.6942,1.1159,1.1987,1.0355,0.5787
Suat Serdar,Verona,CEN,MEZZALA,1102.0,0.2609,0.0066,0.397,0.4588,0.4396,-0.2793,0.2673,18.1837,1.1196,0.3789,0.2273,0.2677,0.3088,0.3089,2,2.68,0.746,-0.4154,-0.68,0.219,0.1143,1.0337,0.0593,-0.788,29.12,0.2938,38,20,2,157,0.4732,90,308,125,170,264,349,1.0026,1.8926,0.7462,-0.0288,-0.2128,-0.3624,-0.8315,-3.0
Kouadio Kone,Roma,CEN,MEZZALA,2468.0,0.2583,0.6796,-0.2541,0.3875,0.2233,0.194,0.1954,11.7494,1.0912,0.4228,0.2812,0.1192,0.2212,0.2043,2,1.91,1.047,0.0651,0.09,0.07,0.1273,1.0133,0.2455,0.213,25.02,0.6656,38,29,0,0,0.8816,91,92,164,95,120,156,-0.0346,0.0885,0.53,0.528,0.3728,0.3613,0.7705,0.3301
Ruben Loftus-Cheek,AC Milan,CEN,MEZZALA,1122.0,0.2582,-0.0144,0.4188,-0.1969,-0.2248,-0.2129,0.3053,11.4899,1.106,0.3958,0.2565,0.2838,0.2479,0.2485,3,4.14,0.725,-0.5603,-1.14,0.332,0.0834,1.0114,0.0844,-0.713,30.33,0.2214,38,28,1,57,0.6968,92,289,114,174,292,314,1.5505,0.0157,0.6426,0.1856,-0.2536,-0.5807,-1.1435,-1.6507
Martin Frese,Verona,DIF,QUINTO,2429.0,0.2578,0.0598,0.4283,-0.014,-0.0083,0.1487,0.149,13.98,1.0243,0.3716,0.1217,0.1681,0.1119,0.1122,2,1.37,1.46,0.5382,0.63,0.051,0.1023,0.9862,0.0807,-0.494,29.09,0.296,38,31,0,0,0.9079,93,101,224,42,262,123,0.5549,1.7531,-0.0479,0.4513,1.1943,1.0846,-0.8916,0.6386
Rafael Obrador,Torino,DIF,QUINTO,1135.0,0.255,0.4471,0.1683,0.3665,0.3608,0.3075,0.1099,10.2715,1.0698,0.3912,0.1555,0.0776,0.1449,0.1455,1,0.17,,2.013,0.83,0.013,0.0833,1.0077,0.1571,0.698,22.25,0.775,19,16,0,0,0.9211,94,63,272,326,18,108,-0.2618,0.412,0.2969,0.7259,,3.0,1.2292,0.7576
Emirhan Ilkhan,Torino,CEN,MEZZALA,1028.0,0.2528,0.3718,0.043,0.0333,0.0313,0.3286,0.2594,13.4468,1.1137,0.3152,0.3048,0.1729,0.2212,0.2213,1,2.34,0.427,-0.876,-1.34,0.205,0.1059,0.9889,0.6861,0.68,21.98,0.7781,38,19,0,0,0.75,95,57,129,226,7,279,0.8887,0.5644,0.7012,-0.8367,-0.8333,-1.0561,1.2553,-1.0805
Gabriele Piccinini,Pisa,CEN,MEZZALA,825.0,0.2464,0.318,-0.0048,0.121,0.1031,0.2232,0.307,15.415,1.0135,0.4045,0.3155,0.2187,0.2801,0.2801,0,2.92,0.0,-1.7088,-2.92,0.319,0.1571,0.982,0.4867,-0.048,25.13,0.657,38,25,0,0,0.8289,96,85,113,271,127,218,1.5764,1.1163,-0.0616,0.2959,-1.664,-2.3104,0.7335,-0.2348
Alessandro Zanoli,Udinese,DIF,QUINTO,1314.0,0.243,0.1477,0.382,0.1651,0.1646,0.1151,0.1186,9.5676,1.0257,0.42,0.1146,0.1257,0.1136,0.1142,1,0.1,,2.846,0.9,0.007,0.1075,0.996,0.127,0.199,25.64,0.6138,38,19,2,299,0.46,97,113,263,326,144,352,-0.0797,0.1574,-0.0372,1.1295,,3.0,0.5155,-3.0
Alisson Santos,Napoli,ATT,TREQUARTISTA,836.0,0.235,0.4317,0.1018,1.1201,0.2296,0.1037,0.3915,15.7405,0.8803,0.5125,0.4805,0.3322,,0.3962,4,1.51,2.649,2.0263,2.49,0.163,0.1733,1.0409,0.482,0.265,23.66,0.7403,38,14,0,0,0.6842,98,120,72,6,73,317,-0.5319,-0.5558,-1.0197,1.16,3.0,2.8968,1.0148,-1.2487
Luka Modric,AC Milan,CEN,MEZZALA,2827.0,0.2346,-0.0173,0.4112,0.4208,0.3553,0.0683,0.1739,10.0968,,0.4572,0.1678,0.1884,0.2576,0.2384,2,1.25,1.6,0.6708,0.75,0.04,0.1286,1.0,0.1174,-0.282,40.7,0.0356,38,34,1,23,0.8513,99,140,187,29,354,194,-0.345,-0.3749,,0.9644,1.4486,1.2735,-1.9441,0.0053
Domagoj Bradaric,Verona,DIF,QUINTO,1976.0,0.2316,0.1796,0.3655,0.2484,0.2309,0.2993,0.1565,13.1556,1.0384,0.2395,0.1401,0.1604,0.1819,0.1823,0,0.6,0.0,-0.7746,-0.6,0.027,0.1362,0.9766,1.5056,2.904,26.45,0.5384,38,29,0,0,0.8816,100,66,212,271,184,156,0.7116,1.4549,0.059,-1.3997,-1.2412,-0.8084,0.1816,0.4017
Che Adams,Torino,ATT,CENTRAVANTI,1899.0,0.2315,0.1357,0.3075,-0.289,-0.2761,0.234,0.4591,20.5853,,0.4342,0.4605,0.4441,0.3258,0.3245,6,6.61,0.908,-0.2373,-0.61,0.313,0.1521,0.9932,0.698,0.332,29.86,0.2462,38,33,0,0,0.9342,101,83,36,126,279,88,0.2501,0.4112,,0.2829,0.0929,0.1183,-1.2453,0.7539
Fabiano Parisi,Fiorentina,DIF,QUINTO,1550.0,0.2294,0.4436,-0.0703,0.013,0.0082,0.1029,0.1679,11.2432,1.0806,0.4447,0.2143,0.0996,0.1479,0.1484,1,1.31,0.763,-0.2708,-0.31,0.076,0.1109,0.9837,0.0816,-0.484,25.54,0.6227,38,23,0,0,0.8026,102,123,193,166,142,244,0.9493,0.7634,0.3787,1.4756,0.0316,-0.0819,0.5549,-0.3101
Luca Mazzitelli,Cagliari,CEN,MEZZALA,753.0,0.2292,0.0726,0.4972,0.1438,0.1397,-0.1676,0.2001,11.1212,0.971,0.3975,0.1775,0.2236,0.1843,0.1843,2,0.71,2.817,1.5309,1.29,0.085,0.1279,1.0603,0.095,-0.423,30.52,0.2125,38,18,1,28,0.6296,103,272,157,5,295,331,0.0336,-0.0877,-0.3851,0.2071,3.0,2.5689,-1.1819,-2.371
Mehdi Leris,Pisa,DIF,QUINTO,1910.0,0.2256,0.019,0.4118,0.1418,0.1297,0.1228,0.1861,12.4465,,0.3182,0.1497,0.1929,0.1838,0.1843,2,1.99,1.005,0.0071,0.01,0.094,0.1154,0.9857,0.0434,-0.875,28.0,0.3862,38,34,0,0,0.9474,104,109,172,105,236,67,1.3298,1.1985,,-0.297,0.4353,0.3188,-0.4923,0.9945
Estupiñán,AC Milan,DIF,QUINTO,1045.0,0.2224,0.2676,0.1812,0.3925,0.1921,0.1034,0.147,8.4212,1.0601,0.2485,0.1615,0.1198,,0.1392,1,0.46,,0.7962,0.54,0.04,0.1369,1.0517,0.1751,-0.569,28.34,0.3557,38,19,0,0,0.75,105,121,228,326,242,279,0.5126,-0.2571,0.2234,-1.2736,,1.4566,-0.6273,-0.7841
Yann Bisseck,Inter,DIF,CENTRALE,1924.0,0.2134,0.2435,0.1362,0.085,0.278,0.1793,0.1461,8.2015,1.0455,0.4247,0.1571,0.1292,,0.1561,3,2.84,1.056,0.0949,0.16,0.133,0.0304,1.0522,0.0918,-0.441,25.48,0.6279,38,23,0,0,0.8026,106,96,231,92,141,244,0.4954,-0.3366,0.1128,1.1953,0.5203,0.4454,0.5779,-0.3101
Brooke Norton-Cuffy,Genoa,DIF,QUINTO,2221.0,0.212,-0.0167,0.4405,0.3343,0.3095,0.2226,0.1479,12.3768,1.0139,0.4397,0.1237,0.1653,0.1784,0.1788,2,2.0,1.0,0.0,0.0,0.081,0.0766,1.0165,0.1235,-0.181,22.36,0.7729,38,27,0,0,0.8553,107,86,226,107,20,185,0.5319,1.1733,-0.1266,1.4055,0.4269,0.3085,1.2199,0.1647
Valentino Lazaro,Torino,DIF,QUINTO,2273.0,0.1989,0.2238,0.2487,0.1587,0.1509,0.2941,0.1557,11.198,0.9269,0.2524,0.1679,0.1338,0.1336,0.134,0,0.41,,-0.6403,-0.41,0.016,0.1469,0.993,0.9187,1.713,30.17,0.2294,38,31,0,0,0.9079,108,68,215,326,288,123,0.6951,0.747,-0.7857,-1.2189,,-0.6147,-1.1865,0.6386
Marc-Oliver Kempf,Como,DIF,CENTRALE,2317.0,0.1977,0.3186,-0.0501,0.7186,0.6561,-0.007,0.1559,8.4052,,0.36,0.1952,0.1046,0.2494,0.2431,4,3.27,1.223,0.4037,0.73,0.127,0.0427,1.029,0.039,-0.749,31.32,0.1808,38,34,1,6,0.889,109,180,214,66,308,148,0.6987,-0.2629,,0.2887,0.7989,0.8907,-1.4017,0.4684
Andrea Pinamonti,Sassuolo,ATT,CENTRAVANTI,2610.0,0.1975,-0.1463,0.6186,0.2629,0.2202,0.4611,0.4376,24.4303,,0.4507,0.4398,0.4335,0.4129,0.4119,9,10.77,0.836,-0.5393,-1.77,0.371,0.0621,0.9898,0.9857,0.931,21.71,0.7784,38,36,0,0,0.9737,110,35,44,151,4,27,0.0009,1.1785,,0.4677,-0.0541,-0.2524,1.189,1.0703
Evan Ferguson,Roma,ATT,CENTRAVANTI,777.0,0.1924,0.2028,0.0634,0.2283,0.3053,0.0409,0.5001,20.1716,0.8484,0.5732,0.5398,0.4092,0.4801,0.4945,3,3.47,0.865,-0.2523,-0.47,0.402,0.1969,1.0105,0.4986,-0.099,26.75,0.5098,38,16,1,142,0.4655,111,154,22,140,190,350,0.7229,0.3286,-1.2657,1.8399,0.0051,0.0999,-0.0396,-3.0
Bremer,Juventus,DIF,CENTRALE,2187.0,0.1877,0.0181,0.3191,0.045,0.0457,0.1209,0.1257,7.3326,1.2675,0.2981,0.1088,0.1441,0.0961,0.1131,4,2.73,1.465,0.7686,1.27,0.112,0.0173,1.0266,0.1828,0.335,29.18,0.2895,38,26,0,0,0.8421,112,110,258,41,265,203,0.0689,-0.6508,1.7946,-0.5786,1.2026,1.4168,-0.9204,0.0458
Oumar Solet,Udinese,DIF,CENTRALE,2962.0,0.1792,0.327,-0.058,-0.0929,-0.0948,0.1383,0.1322,11.2494,,0.4124,0.1688,0.0921,0.1145,0.1149,2,2.13,0.939,-0.0891,-0.13,0.065,0.0696,1.0031,0.0914,-0.281,26.29,0.5536,38,35,0,0,0.9605,113,106,252,118,169,47,0.2045,0.7656,,1.023,0.3252,0.1801,0.2489,1.1126
Emanuele Valeri,Parma Calcio 1913,DIF,TERZINO,2637.0,0.175,0.1514,0.0961,0.0516,0.0353,0.1872,0.1465,14.0877,,0.4507,0.1579,0.1275,0.1465,0.1469,0,0.68,0.0,-0.8246,-0.68,0.023,0.129,1.0032,0.1256,-0.109,27.46,0.4387,38,34,0,0,0.9474,114,95,229,271,221,67,0.5037,1.792,,1.5596,-1.2412,-0.8805,-0.2598,0.9945
Felipe Loyola,Pisa,CEN,MEZZALA,541.0,0.1698,0.2286,0.0506,0.1929,0.1826,0.2096,0.2051,15.814,0.6317,0.4763,0.2392,0.1662,0.2344,0.2344,1,0.75,1.333,0.2887,0.25,0.125,0.0915,0.9773,0.234,0.155,25.54,0.6227,16,11,0,0,0.8438,115,90,156,52,142,195,0.1059,1.2282,-2.9682,1.2066,0.9292,0.698,0.5857,-0.0751
Robin Gosens,Fiorentina,DIF,TERZINO,1908.0,0.1652,0.0846,0.3159,0.5202,0.4832,0.0156,0.1527,11.6171,0.869,0.3854,0.139,0.1534,0.2151,0.2155,3,2.4,1.25,0.3873,0.6,0.113,0.0453,0.9717,0.0666,-0.567,31.89,0.1632,38,26,0,0,0.8421,116,164,222,61,314,203,0.6314,0.8986,-1.2244,0.6446,0.844,0.867,-1.4796,0.0458
Matteo Guendouzi,Lazio,CEN,MEDIANO,1434.0,0.1614,0.199,0.1283,0.1628,0.154,0.1128,0.1672,13.772,0.8525,0.5161,0.1971,0.1553,0.1965,0.1965,2,1.22,1.639,0.7062,0.78,0.077,0.0634,0.9883,0.1089,-0.227,27.11,0.4747,38,16,0,0,0.7105,117,114,194,26,206,306,-0.4418,0.6556,-1.2873,1.7114,1.5245,1.3268,-0.052,-1.5039
Adam Obert,Cagliari,DIF,TERZINO,2813.0,0.1601,0.2427,0.0227,0.0763,0.0542,0.2331,0.1551,13.0942,,0.4419,0.1886,0.112,0.1582,0.1586,0,1.35,0.0,-1.1619,-1.35,0.043,0.1184,0.999,0.1328,-0.124,23.75,0.7375,38,35,0,0,0.9605,118,84,217,271,78,47,0.6814,1.4327,,1.4363,-1.2412,-1.3668,1.0632,1.1126
Francesco Pio Esposito,Inter,ATT,CENTRAVANTI,1535.0,0.158,0.0872,0.0919,-0.3935,-0.4632,0.2213,0.5831,14.7589,,0.415,0.6137,0.4758,0.431,0.425,7,9.85,0.711,-0.9081,-2.85,0.578,0.1214,1.0258,0.2701,-0.653,20.9,0.7644,38,35,0,0,0.9605,119,87,11,180,40,47,1.682,-0.7517,,0.0678,-0.3094,-0.7051,1.125,0.9645
Samuele Angori,Pisa,DIF,QUINTO,2619.0,0.1573,0.0946,0.2097,0.059,0.0361,0.2586,0.1707,13.7739,,0.2729,0.1609,0.1656,0.1537,0.1541,0,1.32,0.0,-1.1489,-1.32,0.045,0.1323,0.9796,0.2132,-0.187,22.63,0.7654,38,35,0,0,0.9605,120,76,189,271,38,47,1.0073,1.6785,,-0.9317,-1.2412,-1.3481,1.1867,1.1126
Alessio Zerbin,Cremonese,DIF,QUINTO,1643.0,0.1505,0.1927,-0.0262,0.1862,0.1582,0.1189,0.198,14.1814,1.0008,0.3348,0.2199,0.1281,0.1848,0.1852,0,1.85,0.0,-1.3601,-1.85,0.101,0.1358,0.9985,0.0805,-0.734,27.23,0.4622,38,32,0,0,0.9211,121,112,162,271,212,108,1.5777,1.8259,-0.2259,-0.0644,-1.2412,-1.6526,-0.1558,0.7576
Gabriele Zappa,Cagliari,DIF,CENTRALE,1583.0,0.1505,0.3221,-0.0822,0.012,0.007,0.0977,0.1619,10.1444,1.2456,0.171,0.204,0.1001,0.126,0.1265,0,1.12,0.0,-1.0583,-1.12,0.064,0.12,1.0036,0.6177,-0.498,26.42,0.5412,38,31,0,0,0.9079,121,128,204,271,183,123,0.8235,0.366,1.6287,-2.3595,-1.2412,-1.2175,0.194,0.6386
Riyad Idrissi,Cagliari,DIF,QUINTO,737.0,0.149,0.1754,0.2159,0.1632,0.1644,0.1679,0.1276,8.6079,0.7386,0.201,0.1388,0.1129,0.1297,0.1304,2,0.8,2.5,1.3416,1.2,0.098,0.0305,0.9525,0.2983,0.031,20.94,0.7655,38,23,2,180,0.5126,123,100,256,7,37,347,0.1076,-0.1896,-2.2123,-1.9392,2.9291,2.2431,1.1872,-2.9231
Samuele Ricci,AC Milan,CEN,MEZZALA,1273.0,0.1464,0.0382,0.1564,-0.0823,-0.1246,0.1885,0.277,10.261,1.0552,0.3218,0.2587,0.2474,0.2403,0.2409,1,2.12,0.472,-0.7692,-1.12,0.15,0.198,1.0129,0.254,-0.418,24.76,0.6847,38,31,0,0,0.9079,124,93,118,221,113,123,1.1424,-0.3289,0.2559,-0.753,-0.7458,-0.8953,0.8528,0.612
Hassane Kamara,Udinese,DIF,QUINTO,1883.0,0.1368,0.0033,0.2087,-0.0019,-0.0096,0.094,0.1517,11.3241,1.0991,0.4385,0.1511,0.1407,0.1397,0.1402,0,0.89,0.0,-0.9434,-0.89,0.043,0.1204,1.007,0.243,0.358,32.22,0.1545,38,26,0,0,0.8421,125,129,223,271,318,203,0.611,0.7926,0.5188,1.3887,-1.2412,-1.0518,-1.5182,0.0458
Valentín Castellanos,Lazio,ATT,CENTRAVANTI,697.0,0.1355,0.122,0.0247,-0.0342,-0.0373,0.0229,0.4679,22.0333,1.1991,0.4465,0.4992,0.4066,,,2,2.08,0.962,-0.0555,-0.08,0.269,0.2867,1.0238,0.2857,-0.44,27.64,0.4207,38,11,0,0,0.6447,126,160,32,113,229,328,0.3509,0.7001,1.4397,0.4207,0.2032,0.3414,-0.4471,-1.5651
Miguel Gutiérrez,Napoli,DIF,QUINTO,1478.0,0.1346,0.0379,0.3359,0.2342,0.1508,0.1451,0.1351,7.855,0.9073,0.2327,0.1133,0.151,0.1341,0.1335,1,0.57,1.754,0.5695,0.43,0.035,0.1078,1.0067,0.1932,-0.108,24.82,0.6804,38,28,0,0,0.8684,127,103,246,21,114,172,0.2638,-0.4619,-0.9342,-1.495,1.6847,1.1297,0.8104,0.2827
Antonino Gallo,Lecce,DIF,TERZINO,3063.0,0.1319,0.2754,-0.1087,-0.0714,-0.0769,0.2101,0.1396,13.591,,0.3471,0.1853,0.0944,0.1245,0.1248,0,0.83,0.0,-0.911,-0.83,0.024,0.1167,0.9887,0.3791,1.759,26.38,0.545,38,37,0,0,0.9868,128,89,240,271,178,12,0.3591,1.6124,,0.108,-1.2412,-1.0051,0.2109,1.3495
Federico Bernardeschi,Bologna,ATT,ALA,1198.0,0.1201,0.2376,-0.1324,0.0243,0.017,0.1006,0.4374,14.7846,1.1636,0.3158,0.5089,0.3584,0.4006,0.3988,3,2.43,1.235,0.3657,0.57,0.183,0.2682,1.0276,0.7686,-0.317,32.27,0.1532,38,29,0,0,0.8816,129,127,45,64,320,156,-0.0006,-0.7465,1.1659,-1.0434,0.7608,0.8584,-1.6707,0.3325
Mario Hermoso,Roma,DIF,CENTRALE,2106.0,0.1141,0.3364,-0.1273,0.2445,0.1852,0.0845,0.1275,8.7872,0.9598,0.3407,0.178,0.0615,0.1516,0.1464,3,2.19,1.37,0.5473,0.81,0.094,0.0372,1.0167,0.1649,0.347,26.39,0.5441,38,27,0,0,0.8553,130,134,257,48,181,185,0.1054,-0.1248,-0.5365,0.0183,1.0441,1.0977,0.2069,0.1647
Luis Henrique,Inter,DIF,QUINTO,1617.0,0.114,-0.0424,0.0918,0.3168,0.2787,0.1112,0.159,5.9904,1.2225,0.4291,0.155,0.1459,0.1924,0.1945,1,1.14,0.877,-0.1311,-0.14,0.063,0.1208,1.0396,0.0801,-0.526,24.44,0.7054,38,30,0,0,0.8947,131,115,208,133,106,138,0.7648,-1.1361,1.4537,1.257,0.2218,0.1195,0.9211,0.5197
Federico Gatti,Juventus,DIF,CENTRALE,1081.0,0.1135,0.0354,0.2914,0.4932,0.3453,-0.0143,0.1544,7.6701,0.9764,0.1843,0.1303,0.1585,0.2,0.1837,2,1.98,1.01,0.0142,0.02,0.165,0.0175,1.0182,1.8295,-0.426,27.92,0.3937,38,21,0,0,0.7763,132,187,218,104,235,262,0.668,-0.5287,-0.4107,-2.1732,0.4436,0.329,-0.4591,-0.5471
Sebastiano Esposito,Cagliari,ATT,SECONDA_PUNTA,2751.0,0.1089,0.1886,-0.0041,0.3116,0.2645,0.378,0.3666,23.2562,,0.5453,0.409,0.3377,0.3923,0.3914,6,4.99,1.202,0.4521,1.01,0.163,0.1826,0.984,0.3684,0.091,20.9,0.7644,38,36,0,0,0.9737,133,49,94,69,40,27,-0.8193,0.9442,,1.5274,0.6934,0.9645,1.125,1.0703
Niclas Füllkrug,AC Milan,ATT,CENTRAVANTI,626.0,0.0995,-0.1291,0.1747,-0.422,-0.4743,0.0609,0.5199,14.6742,0.9794,0.425,0.4955,0.4719,0.3635,0.3563,1,2.65,0.377,-1.0136,-1.65,0.381,0.3264,0.9932,0.6298,-0.258,33.28,0.132,22,20,0,0,0.9545,134,142,18,231,336,58,0.952,-0.7686,-0.2551,0.1798,-0.9916,-0.8346,-1.7676,0.9165
Giacomo Raspadori,Atalanta,ATT,TREQUARTISTA,784.0,0.0993,0.2168,-0.0976,0.0426,0.0392,0.0851,0.4653,16.6395,1.1468,0.4548,0.5442,0.368,,,3,3.47,0.865,-0.2523,-0.47,0.398,0.1366,1.0349,0.5163,-0.108,26.26,0.5564,19,13,1,26,0.7393,135,133,34,140,166,285,0.3218,-0.3763,1.0363,0.5136,0.0051,0.0999,0.1736,-0.8074
Tommaso Barbieri,Cremonese,DIF,QUINTO,1696.0,0.0917,-0.2635,0.4355,0.3135,0.2943,0.1092,0.1403,11.2623,1.0867,0.2563,0.0979,0.1707,0.1812,0.1818,0,0.99,0.0,-0.995,-0.99,0.053,0.0971,1.0135,1.9359,3.574,23.74,0.7378,38,29,0,0,0.8816,136,116,237,271,77,156,0.3727,0.7703,0.4249,-1.1643,-1.2412,-1.1262,1.0645,0.4017
Duván Zapata,Torino,ATT,CENTRAVANTI,1088.0,0.089,0.2,-0.1922,-0.423,-0.4064,0.0125,0.4802,15.1152,1.2466,0.4426,0.5503,0.3642,0.3545,0.3528,3,3.63,0.826,-0.3307,-0.63,0.3,0.22,0.987,0.7545,0.174,35.15,0.1035,38,28,0,0,0.8684,137,166,28,155,345,172,0.4935,-0.6806,1.8062,0.377,-0.0745,0.0036,-1.898,0.2268
Mehmet Zeki Çelik,Roma,DIF,QUINTO,2747.0,0.0849,0.2237,-0.1452,-0.0597,-0.1696,0.0486,0.1338,8.8212,,0.4144,0.1761,0.0892,0.1114,0.1051,1,1.76,0.568,-0.5729,-0.76,0.058,0.0796,1.0096,0.0982,-0.322,29.26,0.284,38,34,1,5,0.8913,138,149,249,207,266,146,0.2382,-0.1125,,1.051,-0.2937,-0.5175,-0.9448,0.4891
Tijjani Noslin,Lazio,ATT,CENTRAVANTI,1113.0,0.0846,-0.1309,0.4316,0.3463,0.3048,0.0208,0.4877,19.8229,0.7998,0.216,0.4627,0.475,0.4578,0.4562,4,4.28,0.935,-0.1353,-0.28,0.346,0.1933,0.995,0.5246,-0.612,26.88,0.4975,38,29,0,0,0.8816,139,162,26,120,196,156,0.5806,0.259,-1.6407,-2.1613,0.1481,0.2435,-0.0958,0.3325
Neil El Aynaoui,Roma,CEN,MEZZALA,958.0,0.0838,-0.1426,0.2835,0.0981,-0.0046,0.1385,0.2194,8.8489,0.9613,0.372,0.1983,0.2263,0.217,0.2159,1,0.96,1.042,0.0408,0.04,0.09,0.1663,1.0532,0.295,0.492,24.89,0.6754,38,25,0,0,0.8289,140,105,151,97,115,218,0.3121,-0.7248,-0.459,-0.1163,0.3631,0.3247,0.8128,-0.2348
Amir Rrahmani,Napoli,DIF,CENTRALE,1809.0,0.0744,0.0484,0.1226,-0.0171,0.0269,-0.143,0.0934,7.8558,0.9868,0.3879,0.1112,0.0902,0.0889,0.11,2,1.34,1.493,0.5702,0.66,0.067,0.0119,0.9948,0.1327,0.73,32.24,0.154,38,21,1,163,0.5313,141,254,296,40,319,343,-0.6054,-0.4616,-0.332,0.6797,1.2493,1.1307,-1.5204,-2.7546
Morten Thorsby,Cremonese,CEN,MEZZALA,1390.0,0.0625,-0.1965,0.2912,-0.0811,-0.0797,-0.1204,0.2136,13.6693,1.1444,0.39,0.2052,0.2144,0.1951,0.1951,3,2.731,1.098,0.1628,0.269,0.177,0.0515,1.0318,0.0208,-0.865,30.05,0.2357,38,24,0,0,0.8158,142,243,152,82,281,231,0.2278,0.6268,0.935,0.112,0.472,0.5084,-1.0819,-0.3752
Luca Marianucci,Torino,DIF,CENTRALE,688.0,0.0623,0.0983,0.045,0.0417,0.039,0.1089,0.124,9.1545,1.238,0.3232,0.157,0.0916,,,0,0.028,,-0.1673,-0.028,0.004,0.1278,1.0577,0.1688,-0.215,21.83,0.7786,38,12,0,0,0.6579,143,117,260,326,2,324,0.0333,0.0081,1.5711,-0.2269,,0.0673,1.2452,-1.6139
Lameck Banda,Lecce,ATT,ALA,1768.0,0.0617,0.1445,0.0678,-0.1201,-0.1174,0.3021,0.3671,19.2985,1.0263,0.3708,0.444,0.3258,0.3267,0.3253,5,3.26,1.534,0.9637,1.74,0.166,0.1695,1.0004,0.7171,1.018,25.31,0.6424,38,32,0,0,0.9211,144,65,91,36,135,108,-0.8131,0.1543,0.1067,-0.4273,1.3715,1.5925,0.567,0.6489
Marco Brescianini,Fiorentina,CEN,MEZZALA,1018.0,0.0503,0.4171,-0.444,-0.038,-0.0413,-0.1043,0.2557,11.9704,0.9143,0.3021,0.3266,0.1429,0.2378,0.2378,2,2.35,0.851,-0.2283,-0.35,0.208,0.1094,0.9948,0.101,-0.741,26.34,0.5488,38,26,0,0,0.8421,145,230,130,145,173,203,0.8354,0.1504,-0.8168,-1.0029,-0.0085,-0.0806,0.2673,-0.0933
João Mário,Bologna,DIF,TERZINO,1003.0,0.0434,0.0387,0.1433,0.1581,0.1551,0.0345,0.1048,6.8525,1.0947,0.2436,0.104,0.1164,0.1169,0.1176,1,0.288,,1.3267,0.712,0.026,0.066,1.0482,0.1389,-0.469,26.39,0.5441,38,20,0,0,0.7632,146,157,279,326,181,269,-0.3677,-0.8244,0.4855,-1.3423,,2.2216,0.2069,-0.6651
Kieron Bowie,Verona,ATT,CENTRAVANTI,1211.0,0.042,-0.165,0.1188,0.3109,0.2678,0.0601,0.3923,27.9866,0.7639,0.4959,0.4163,0.3955,0.4334,0.4317,4,4.11,0.973,-0.0543,-0.11,0.305,0.0327,0.9779,0.3985,0.182,23.67,0.74,38,14,0,0,0.6842,147,143,71,110,75,317,-0.5217,1.8883,-1.9176,0.974,0.2257,0.3429,1.0134,-1.2487
Gennaro Borrelli,Cagliari,ATT,CENTRAVANTI,1263.0,0.0399,0.1887,-0.0785,0.0323,0.0258,0.1019,0.4138,16.7349,1.0533,0.3751,0.4841,0.3606,0.3905,0.3889,5,4.58,1.092,0.1963,0.42,0.326,0.062,0.9789,0.73,0.878,26.2,0.5621,38,27,2,56,0.6408,148,124,57,84,163,330,-0.2742,-0.3573,0.3149,-0.3791,0.4687,0.6505,0.1997,-1.5964
Alberto Dossena,Cagliari,DIF,CENTRALE,850.0,0.0381,-0.0827,0.1207,0.0594,0.0527,-0.0178,0.1368,12.216,1.1661,0.393,0.1279,0.1353,0.1515,0.1522,0,0.89,0.0,-0.9434,-0.89,0.094,0.0646,0.9957,0.0981,-0.215,27.61,0.4237,38,12,0,0,0.6579,149,189,244,271,226,324,0.2996,1.1152,1.0264,0.7511,-1.2412,-1.0518,-0.3262,-1.6139
Raoul Bellanova,Atalanta,DIF,QUINTO,1374.0,0.0375,-0.0447,0.1808,0.242,0.2234,0.0733,0.1457,8.2804,0.8741,0.3302,0.1187,0.1576,0.1974,0.198,0,0.5,0.0,-0.7071,-0.5,0.033,0.1284,1.0192,0.3653,1.231,26.02,0.579,38,24,0,0,0.8158,150,138,232,271,154,231,0.485,-0.308,-1.1858,-0.1288,-1.2412,-0.711,0.3614,-0.1912
Manor Solomon,Fiorentina,ATT,ALA,872.0,0.0331,0.2133,-0.057,0.124,0.1144,-0.0064,0.4006,15.2997,1.004,0.2632,0.478,0.335,0.3928,0.391,2,1.0,2.0,1.0,1.0,0.103,0.2487,0.9922,0.455,-0.519,26.83,0.5022,21,16,1,46,0.7337,151,179,67,11,194,293,-0.4263,-0.6437,-0.0654,-1.6326,2.3233,1.637,-0.0743,-0.8522
Ange-Yoan Bonny,Inter,ATT,CENTRAVANTI,1112.0,0.0307,0.2374,-0.3373,-0.1375,0.0308,0.1321,0.5001,10.498,,0.3474,0.5844,0.3679,0.4168,0.4485,5,4.59,1.089,0.1914,0.41,0.371,0.2169,1.0201,0.4037,-0.623,22.58,0.7671,38,33,0,0,0.9342,152,108,23,85,32,88,0.7228,-1.6021,,-0.6894,0.4626,0.6445,1.1374,0.7539
Nuno Tavares,Lazio,DIF,TERZINO,1478.0,0.027,-0.1594,0.1942,0.233,0.205,-0.0045,0.1358,9.3577,1.3609,0.3812,0.11,0.1538,0.1879,0.1884,0,1.13,0.0,-1.063,-1.13,0.069,0.0725,0.9945,0.1384,0.129,26.32,0.5507,38,23,0,0,0.8026,153,176,245,271,170,244,0.2792,0.0815,2.5022,0.5858,-1.2412,-1.2242,0.2361,-0.3101
Jayden Addai,Como,ATT,ALA,688.0,0.0242,0.0627,0.0727,0.7256,0.7225,-0.0526,0.4021,12.9169,0.9887,0.404,0.465,0.3668,,,3,1.52,1.974,1.2004,1.48,0.199,0.1321,1.0095,0.5617,0.098,20.74,0.7595,38,12,2,143,0.3679,154,199,64,12,45,354,-0.409,-1.1193,-0.1834,-0.0554,2.2702,1.883,1.1026,-3.0
Jamie Vardy,Cremonese,ATT,CENTRAVANTI,2120.0,0.0238,-0.1448,0.1237,-0.2989,-0.2958,-0.041,0.3793,25.3274,0.9913,0.4233,0.3919,0.3865,0.322,0.3209,7,6.26,1.118,0.2958,0.74,0.266,0.09,0.9812,0.3399,-0.064,39.36,0.0517,38,29,1,3,0.8299,155,197,83,81,353,214,-0.6727,1.3576,-0.1633,0.1608,0.5218,0.7726,-2.1349,-0.0816
Gianluca Gaetano,Cagliari,CEN,MEZZALA,1920.0,0.0187,0.0388,0.0459,-0.1119,-0.1093,0.0643,0.1992,11.6967,,0.3158,0.2173,0.1823,0.1889,0.189,2,1.99,1.005,0.0071,0.01,0.093,0.1031,0.9876,0.1783,-0.374,26.05,0.5762,38,33,1,30,0.8225,156,141,160,105,157,222,0.0195,0.0737,,-0.8291,0.2911,0.2739,0.3853,-0.3034
Fisayo Dele-Bashiru,Lazio,CEN,MEZZALA,1159.0,0.0101,-0.1035,0.1484,-0.2356,-0.2297,0.055,0.1638,8.2192,1.1331,0.3666,0.1655,0.1862,0.1819,0.1819,1,0.59,1.695,0.5338,0.41,0.046,0.087,0.9847,0.1254,0.246,25.29,0.644,38,24,0,0,0.8158,157,145,197,24,134,231,-0.4911,-0.9014,0.8489,-0.1848,1.6334,1.0672,0.6775,-0.3752
Mikael Ellertsson,Genoa,DIF,QUINTO,2770.0,0.0072,0.0275,-0.1118,-0.2658,-0.2608,0.0741,0.1477,11.5077,,0.4131,0.1661,0.1195,0.1316,0.1319,1,2.14,0.467,-0.7793,-1.14,0.07,0.0816,0.9881,0.0356,-0.734,24.2,0.7186,38,36,0,0,0.9737,158,137,227,222,94,27,0.5286,0.859,,1.0328,-0.4622,-0.8152,0.9795,1.2315
Rosen Bozhinov,Pisa,DIF,CENTRALE,619.0,0.0061,0.073,-0.0088,-0.0824,-0.0854,0.0692,0.1077,11.9742,1.0106,0.3468,0.135,0.0953,,,0,0.11,,-0.3317,-0.11,0.016,0.0494,1.0771,0.0713,0.34,21.33,0.7743,19,9,0,0,0.7368,159,139,275,326,19,288,-0.307,1.0277,-0.1516,0.1038,,-0.1697,1.2261,-0.903
Pedro,Lazio,ATT,ALA,954.0,0.0056,0.2227,-0.0131,-0.0049,0.0067,0.0184,0.3944,11.4863,0.9293,0.2493,0.4693,0.335,0.3655,0.3637,3,0.74,4.054,2.6272,2.26,0.07,0.2642,0.9982,0.514,-0.494,38.82,0.0582,38,29,0,0,0.8816,160,163,68,1,352,156,-0.4975,-1.4048,-0.6416,-1.7883,3.0,3.0,-2.1052,0.3325
Kingsley Ehizibue,Udinese,DIF,QUINTO,1810.0,-0.0029,-0.0226,-0.0104,-0.0999,-0.0892,0.1463,0.1122,7.3428,1.1429,0.2655,0.134,0.0987,0.0878,0.0883,2,1.42,1.408,0.4867,0.58,0.071,0.0343,0.9806,0.2578,1.385,31.0,0.1924,38,32,0,0,0.9211,161,102,269,46,302,108,-0.2143,-0.6471,0.8506,-1.0354,1.1075,1.0103,-1.3504,0.7576
Riccardo Sottil,Lecce,ATT,ALA,1078.0,-0.0033,0.1051,-0.1405,-0.3513,-0.3424,-0.1028,0.4116,21.3384,0.833,0.4579,0.4905,0.3484,0.3261,0.3245,1,0.74,1.351,0.3022,0.26,0.062,0.3256,0.9892,0.4635,0.336,26.97,0.4891,38,21,1,85,0.5424,162,228,61,50,202,341,-0.2993,0.5615,-1.3845,0.5484,0.9977,0.7805,-0.1342,-2.3846
Yerry Mina,Cagliari,DIF,CENTRALE,2162.0,-0.0036,0.15,-0.1461,-0.0846,-0.0781,0.0504,0.0982,8.8265,1.2448,0.2948,0.1418,0.0566,0.0925,0.0929,2,1.76,1.136,0.1809,0.24,0.073,0.0175,1.0083,0.2266,1.692,31.67,0.1695,38,26,0,0,0.8421,163,147,291,78,311,203,-0.5054,-0.1105,1.6226,-0.6248,0.6538,0.5694,-1.4517,0.0458
Carlos Augusto,Inter,DIF,CENTRALE,1745.0,-0.01,0.0687,-0.2125,-0.0324,-0.1143,0.004,0.1462,5.5145,,0.2709,0.1913,0.0873,0.158,0.1504,1,1.97,0.508,-0.6911,-0.97,0.102,0.0588,1.0192,0.0781,-0.64,27.38,0.4468,38,34,0,0,0.9474,164,172,230,216,219,67,0.4964,-1.3082,,-0.9597,-0.3938,-0.688,-0.2239,0.9945
Tarik Muharemovic,Sassuolo,DIF,CENTRALE,2837.0,-0.0199,-0.0148,-0.1176,-0.2309,-0.2276,0.086,0.1218,10.2743,1.1116,0.3393,0.1427,0.1005,0.0979,0.0982,2,2.81,0.712,-0.4832,-0.81,0.089,0.0292,0.9744,0.1035,-0.112,23.23,0.7488,38,32,0,0,0.9211,165,132,261,179,54,108,-0.0123,0.413,0.6135,-0.0013,-0.0535,-0.3882,1.1132,0.7576
Odilon Kossounou,Atalanta,DIF,CENTRALE,981.0,-0.0212,0.0856,-0.0612,0.0142,0.0187,0.0391,0.0841,5.3409,0.8954,0.2805,0.114,0.0785,0.1087,0.1094,1,0.26,,1.4513,0.74,0.024,0.0229,1.0252,0.1207,0.683,25.38,0.6365,38,19,0,0,0.75,166,155,306,326,138,279,-0.801,-1.371,-1.0244,-0.8252,,2.4012,0.616,-0.7841
Manuel Locatelli,Juventus,CEN,MEZZALA,3031.0,-0.0243,0.1215,-0.2443,-0.0413,-0.0097,0.0453,0.1662,8.9034,,0.4816,0.2224,0.1188,0.1755,0.1763,1,1.66,0.602,-0.5123,-0.66,0.049,0.114,1.0239,0.1333,-0.167,28.37,0.3531,38,36,0,0,0.9737,167,152,195,196,244,27,-0.4567,-0.7095,,1.2738,-0.4929,-0.5084,-0.576,1.3172
Álex Valle,Como,DIF,TERZINO,2028.0,-0.0271,0.152,-0.2636,0.2178,0.0582,0.0353,0.1127,6.8417,0.991,0.359,0.1624,0.07,0.1873,0.1652,1,0.89,1.124,0.1166,0.11,0.039,0.0661,0.9676,0.1028,-0.037,22.08,0.7773,38,28,0,0,0.8684,168,156,268,80,10,172,-0.2023,-0.8283,-0.3001,0.2747,0.6338,0.4767,1.2394,0.2827
Sam Beukema,Napoli,DIF,CENTRALE,1675.0,-0.0302,-0.1754,0.1971,-0.169,-0.1717,-0.0874,0.118,8.4822,0.9102,0.2957,0.0914,0.1438,0.0997,0.0983,2,1.72,1.163,0.2135,0.28,0.092,0.0215,0.9872,0.0299,-0.668,27.52,0.4327,38,24,0,0,0.8158,169,216,264,72,223,231,-0.0918,-0.2351,-0.9123,-0.6122,0.6988,0.6164,-0.2864,-0.1912
Máximo Perrone,Como,CEN,MEDIANO,2758.0,-0.0305,0.101,-0.3218,-0.2161,-0.3153,0.1084,0.1681,8.8555,,0.4075,0.2149,0.1322,0.1522,0.1417,3,2.49,1.205,0.3232,0.51,0.081,0.0829,1.0183,0.0754,-0.528,23.38,0.7468,38,36,0,0,0.9737,170,118,192,68,66,27,-0.4287,-0.723,,0.334,0.6802,0.75,1.1204,1.3172
Michel Aebischer,Pisa,CEN,MEZZALA,2911.0,-0.0324,-0.1758,0.0524,-0.0107,-0.0108,0.3273,0.1443,11.2987,,0.3743,0.144,0.1625,0.173,0.173,1,0.81,1.235,0.2111,0.19,0.025,0.106,0.9867,0.3548,1.677,29.38,0.2759,38,35,0,0,0.9605,171,58,235,64,270,47,-0.7716,-0.0379,,-0.0871,0.7385,0.5812,-0.9087,1.1758
Juan Rodríguez,Cagliari,DIF,CENTRALE,1327.0,-0.0367,-0.1888,0.2197,0.0229,0.0203,0.0515,0.1006,9.261,1.107,0.2505,0.0851,0.1313,0.1372,0.1378,1,1.2,0.833,-0.1826,-0.2,0.081,0.0,0.9909,0.3149,2.549,20.98,0.7666,38,17,0,0,0.7237,172,146,286,152,35,300,-0.4547,0.0466,0.5787,-1.2456,0.1484,0.0452,1.192,-1.021
Nicolò Bertola,Udinese,DIF,CENTRALE,1756.0,-0.0396,0.0232,-0.069,-0.2381,-0.2243,0.0319,0.1287,9.3187,1.0206,0.2508,0.1451,0.1085,0.0908,0.0913,0,1.0,0.0,-1.0,-1.0,0.051,0.08,1.005,0.4886,0.86,23.17,0.7494,38,28,1,28,0.7612,173,158,254,271,52,272,0.1301,0.0674,-0.0759,-1.2414,-1.2412,-1.1334,1.1159,-0.6831
Francesco Coppola,Pisa,DIF,CENTRALE,454.0,-0.0421,-0.1083,-0.0175,-0.0557,-0.0582,0.0052,0.1032,11.7584,0.9194,0.3526,,0.1006,0.1239,0.1247,0,0.09,,-0.3,-0.09,0.018,0.0,0.8452,0.0134,0.042,21.12,0.7701,22,7,1,44,0.5163,174,170,281,326,25,346,-0.4017,0.9497,-0.8426,0.1851,,-0.124,1.2075,-2.8897
Tobias Slotsager,Verona,DIF,CENTRALE,435.0,-0.0442,-0.0044,0.0087,-0.0641,-0.0673,0.0103,0.1052,13.2193,0.5853,0.2858,0.1231,0.1038,,,0,0.14,,-0.3742,-0.14,0.029,0.0,1.0391,0.1024,0.085,20.39,0.747,19,8,1,36,0.5855,175,167,278,326,64,335,-0.3595,1.478,-3.0,-0.7509,,-0.231,1.1053,-2.2662
Mariano Troilo,Parma Calcio 1913,DIF,CENTRALE,1631.0,-0.0474,-0.1374,0.1059,-0.1157,-0.1145,0.0082,0.1028,11.8343,0.806,0.3862,0.0971,0.1197,0.1113,0.1118,1,0.96,1.042,0.0408,0.04,0.053,0.0359,0.9687,0.0347,-0.605,22.9,0.7548,38,21,0,0,0.7763,176,168,284,97,47,262,-0.41,0.9771,-1.7017,0.6559,0.497,0.3674,1.1398,-0.5471
Luca Pellegrini,Lazio,DIF,TERZINO,1485.0,-0.0554,-0.0948,0.0657,0.1769,0.1636,-0.0649,0.1003,8.1962,0.9156,0.3138,0.103,0.1094,0.1422,0.1428,1,0.65,1.538,0.4341,0.35,0.039,0.0497,1.0083,0.0863,-0.358,27.21,0.4643,38,24,0,0,0.8158,177,204,287,35,211,231,-0.4617,-0.3385,-0.8714,-0.3586,1.3244,0.9345,-0.1465,-0.1912
Evan Ndicka,Roma,DIF,CENTRALE,2686.0,-0.0561,0.0643,-0.1662,0.4537,0.2917,-0.1457,0.1029,7.8824,0.9429,0.382,0.1455,0.0646,0.1895,0.1771,3,2.4,1.25,0.3873,0.6,0.08,0.0194,1.0168,0.0432,-0.58,26.76,0.5089,38,31,1,34,0.7873,178,258,283,61,192,256,-0.4078,-0.452,-0.6645,0.597,0.844,0.867,0.051,-0.448
Francesco Folino,Cremonese,DIF,CENTRALE,690.0,-0.0577,0.0458,0.0017,0.1241,0.12,-0.0404,0.0971,7.2552,1.096,0.1967,0.1311,0.0848,0.1379,0.1386,1,0.37,,1.0357,0.63,0.048,0.0026,0.9865,0.0296,-0.935,24.33,0.7117,38,18,0,0,0.7368,179,196,293,326,102,288,-0.5282,-0.6788,0.4953,-1.9994,,1.802,0.949,-0.903
Guillermo Maripán,Torino,DIF,CENTRALE,2151.0,-0.0749,-0.0048,-0.1305,0.0034,-0.0073,-0.0335,0.1163,9.8991,0.9167,0.355,0.1443,0.0924,0.1308,0.1313,2,2.44,0.82,-0.2817,-0.44,0.102,0.0146,1.0246,0.0385,-0.63,32.05,0.1588,38,27,0,0,0.8553,180,194,265,157,316,185,-0.1286,0.2773,-0.863,0.2187,0.1267,-0.0976,-1.4991,0.1647
Mathías Olivera,Napoli,DIF,TERZINO,1370.0,-0.0785,-0.1249,-0.0754,-0.1712,-0.1967,-0.0662,0.1401,8.2782,1.0607,0.3434,0.1363,0.1349,0.1165,0.1098,0,1.79,0.0,-1.3379,-1.79,0.118,0.0388,1.0439,0.0614,-0.521,28.56,0.337,38,25,0,0,0.8289,181,205,238,271,250,218,0.3689,-0.3088,0.2279,0.0561,-1.2412,-1.6206,-0.7101,-0.0732
Jordan Zemura,Udinese,DIF,QUINTO,1119.0,-0.0809,0.0859,-0.1663,-0.1085,-0.1087,-0.147,0.1253,11.1155,0.9019,0.2192,0.1678,0.0853,0.1127,0.1133,0,0.32,,-0.5657,-0.32,0.026,0.1029,1.0168,0.0836,-0.773,26.52,0.5317,38,17,1,73,0.5165,182,260,259,326,186,345,0.0597,0.7172,-0.9751,-1.6841,,-0.5072,0.152,-2.8879
Niakhate Ndiaye,Parma Calcio 1913,DIF,CENTRALE,786.0,-0.0824,-0.0864,-0.0063,-0.1953,-0.1978,-0.0618,0.0972,9.2249,1.1881,0.3575,0.1177,0.0984,,,0,0.37,,-0.6083,-0.37,0.042,0.0023,1.0717,0.0318,-0.138,24.12,0.7225,38,11,0,0,0.6447,183,201,292,326,89,328,-0.5262,0.0335,1.1931,0.2537,,-0.5686,0.9968,-1.7328
Thomas Thiesson Kristensen,Udinese,DIF,CENTRALE,2482.0,-0.083,-0.0248,-0.0983,-0.293,-0.2714,0.0072,0.0877,8.9502,0.8644,0.3377,0.1098,0.0798,0.0736,0.0739,3,1.89,1.587,0.8074,1.11,0.069,0.008,0.9767,0.0535,-0.293,24.35,0.7106,38,28,0,0,0.8684,184,169,303,32,104,172,-0.7255,-0.0658,-1.2592,-0.0237,1.4061,1.4728,0.9441,0.2827
Stefano Sabelli,Genoa,DIF,TERZINO,930.0,-0.0873,-0.0148,-0.0998,-0.0842,-0.0857,-0.1007,0.0998,7.5461,1.1127,0.425,0.1237,0.0954,0.11,0.1107,0,0.41,,-0.6403,-0.41,0.04,0.0319,1.0124,0.0769,0.342,33.36,0.1306,38,16,0,0,0.7105,185,225,289,326,337,306,-0.472,-0.5736,0.6219,1.1995,,-0.6147,-1.624,-1.14
Tommaso Pobega,Bologna,CEN,MEDIANO,1446.0,-0.0898,-0.2038,0.0485,-0.3048,-0.2847,-0.1135,0.1692,8.351,1.3206,0.2629,0.1641,0.1907,0.1501,0.1501,3,1.86,1.613,0.8359,1.14,0.116,0.0342,0.9864,0.0261,-0.863,26.86,0.4994,38,26,0,0,0.8421,186,238,190,28,195,203,-0.4126,-0.8644,2.2764,-1.5001,1.4739,1.5222,0.0544,-0.0933
Kamaldeen Sulemana,Atalanta,ATT,TREQUARTISTA,993.0,-0.0958,-0.2973,0.1318,0.4232,0.3759,-0.0078,0.4291,12.1735,0.8821,0.4181,0.4383,0.422,0.4985,0.4967,2,2.47,0.81,-0.2991,-0.47,0.224,0.2057,1.0205,0.5759,0.454,24.27,0.715,38,25,0,0,0.8289,187,181,48,160,99,218,-0.0972,-1.2677,-1.0058,0.1025,-0.1072,0.0424,0.8991,-0.0896
Honest Ahanor,Atalanta,DIF,CENTRALE,1368.0,-0.1024,-0.089,-0.1665,-0.4203,-0.4061,-0.0885,0.156,8.7104,0.9308,0.3704,0.1814,0.1064,0.1248,0.1253,0,2.38,0.0,-1.5427,-2.38,0.157,0.0079,0.9389,0.0855,-0.481,18.25,0.6565,38,22,0,0,0.7895,188,218,213,271,129,254,0.7011,-0.1525,-0.7562,0.4345,-1.2412,-1.9159,0.7046,-0.4282
Caleb Ekuban,Genoa,ATT,CENTRAVANTI,944.0,-0.1046,-0.0653,-0.2123,-0.2947,-0.293,-0.0087,0.4697,13.6891,1.097,0.3841,0.5038,0.4054,0.4168,0.4149,4,4.11,0.973,-0.0543,-0.11,0.392,0.1211,0.9823,0.2916,-0.463,32.17,0.1557,38,31,0,0,0.9079,189,182,31,110,317,123,0.3716,-0.9652,0.6521,-0.2783,0.2257,0.3429,-1.6592,0.5432
Nikola Moro,Bologna,CEN,MEDIANO,1784.0,-0.1061,-0.3461,0.0626,-0.2199,-0.218,-0.1165,0.1633,8.7333,1.2788,0.4309,0.1766,0.1661,0.1832,0.1832,1,0.92,1.087,0.0834,0.08,0.046,0.1034,1.014,0.0939,-0.215,28.2,0.368,38,30,1,5,0.8386,190,239,200,87,237,213,-0.4981,-0.7572,1.9582,0.6308,0.4506,0.3888,-0.5118,-0.1308
Lazar Samardzic,Atalanta,ATT,TREQUARTISTA,1005.0,-0.107,-0.1656,-0.027,0.0221,-0.0007,0.044,0.4455,12.3834,0.907,0.441,0.4969,0.3919,0.4364,0.4345,2,2.79,0.717,-0.473,-0.79,0.25,0.2131,1.0144,0.2748,-0.365,24.24,0.7165,38,26,0,0,0.8421,191,153,41,177,98,203,0.0929,-1.2258,-0.8137,0.359,-0.2972,-0.1711,0.9059,0.0161
Enrico Del Prato,Parma Calcio 1913,DIF,CENTRALE,2958.0,-0.1096,0.1064,-0.346,0.3709,0.338,-0.1292,0.0994,10.8048,,0.3618,0.1476,0.0653,0.1867,0.187,2,2.25,0.889,-0.1667,-0.25,0.068,0.0237,0.9766,0.0801,-0.096,26.54,0.5298,38,35,0,0,0.9605,192,248,290,129,187,47,-0.4813,0.6048,,0.314,0.2418,0.0682,0.1436,1.1126
Adam Marusic,Lazio,DIF,TERZINO,2794.0,-0.115,-0.1987,0.0081,-0.372,-0.361,-0.0527,0.1092,10.7388,,0.3059,0.1068,0.1158,0.0818,0.0821,1,1.75,0.571,-0.5669,-0.75,0.056,0.0496,0.9996,0.086,-0.343,33.6,0.1264,38,33,0,0,0.9342,193,200,273,205,339,88,-0.2769,0.581,,-0.4693,-0.2887,-0.5089,-1.6426,0.8756
Koni de Winter,AC Milan,DIF,CENTRALE,1797.0,-0.1178,-0.3402,0.1199,-0.1056,-0.142,-0.0834,0.0859,5.4369,1.2075,0.2973,0.072,0.1174,0.1189,0.1146,1,0.8,1.25,0.2236,0.2,0.04,0.0321,1.0123,0.0249,-0.557,23.95,0.7301,38,26,0,0,0.8421,194,213,305,61,82,203,-0.7636,-1.3363,1.3401,-0.5898,0.844,0.631,1.0304,0.0458
Michael Folorunsho,Cagliari,CEN,MEZZALA,2032.0,-0.1192,-0.2695,0.0286,0.2781,0.2616,-0.1562,0.1815,13.7711,0.9205,0.4855,0.1827,0.1884,0.2494,0.2495,2,2.97,0.673,-0.5629,-0.97,0.132,0.0425,0.9918,0.169,-0.013,28.29,0.36,38,27,0,0,0.8553,195,264,177,184,240,185,-0.2353,0.6553,-0.7696,1.3233,-0.3548,-0.5846,-0.5463,0.0482
Sulemana,Cagliari,CEN,MEZZALA,866.0,-0.1231,-0.0679,-0.125,-0.319,-0.308,-0.0693,0.1984,9.5587,1.2655,0.2414,0.2185,0.1792,0.1752,0.1752,1,1.689,0.592,-0.5302,-0.689,0.176,0.015,0.9673,0.2178,-0.292,24.27,0.715,38,19,0,0,0.75,196,207,161,201,99,279,0.0093,-0.5258,1.8569,-1.7728,-0.5123,-0.5353,0.9834,-1.0805
Nicolás Valentini,Verona,DIF,CENTRALE,1400.0,-0.1264,-0.0982,-0.1345,-0.1964,-0.1923,-0.029,0.1044,8.8602,1.3574,0.3431,0.1239,0.0971,0.1111,0.1116,0,0.79,0.0,-0.8888,-0.79,0.051,0.0399,0.9802,0.1122,-0.025,25.13,0.657,38,21,0,0,0.7763,197,192,280,271,127,262,-0.3759,-0.0984,2.4757,0.0519,-1.2412,-0.9731,0.7068,-0.5471
Ignace Van der Brempt,Como,DIF,TERZINO,915.0,-0.1285,-0.074,-0.2074,-0.2408,-0.2829,-0.0686,0.1113,6.0404,0.961,0.2872,0.1371,0.0894,0.1219,0.1157,0,0.17,,-0.4123,-0.17,0.017,0.0797,0.9866,0.0397,-0.445,24.15,0.7211,38,20,0,0,0.7632,198,206,271,326,91,269,-0.2329,-1.1181,-0.5274,-0.7313,,-0.286,0.9906,-0.6651
Santiago Castro,Bologna,ATT,CENTRAVANTI,2381.0,-0.129,-0.7444,0.5606,0.1987,0.1477,-0.0127,0.4218,22.9762,,0.4223,0.3414,0.494,0.4365,0.4354,7,8.31,0.842,-0.4544,-1.31,0.314,0.1036,0.9998,0.3802,0.01,21.68,0.7782,38,35,0,0,0.9605,199,184,52,149,6,47,-0.1814,0.8883,,0.1496,-0.0419,-0.1482,1.1881,0.9645
Cristian Volpato,Sassuolo,ATT,ALA,1060.0,-0.1316,-0.1435,0.1115,-0.0232,-0.0258,0.005,0.4124,14.7387,1.1214,0.2001,0.4527,0.3898,0.3827,0.381,2,1.75,1.143,0.189,0.25,0.149,0.2454,1.0116,0.5959,-0.771,22.52,0.7689,38,24,0,0,0.8158,200,171,59,75,27,231,-0.2902,-0.7557,0.8403,-2.3394,0.5729,0.6415,1.1456,-0.1946
Manuel Akanji,Inter,DIF,CENTRALE,2814.0,-0.1318,-0.3291,-0.0365,-0.2925,-0.2987,-0.0293,0.0895,5.0266,,0.3181,0.081,0.1072,0.0716,0.0705,2,2.29,0.873,-0.1916,-0.29,0.073,0.0102,1.0152,0.073,-0.29,30.85,0.1983,38,33,0,0,0.9342,201,193,301,136,298,88,-0.6869,-1.4847,,-0.2984,0.2151,0.0323,-1.3242,0.8756
Billy Gilmour,Napoli,CEN,MEZZALA,798.0,-0.1327,-0.1467,0.0515,0.0174,0.0156,-0.1196,0.162,7.1157,1.1316,0.2401,0.1727,0.1794,0.2049,0.2049,1,0.57,1.754,0.5695,0.43,0.064,0.053,1.0488,0.0862,-0.789,24.95,0.6709,38,17,0,0,0.7237,202,242,203,21,116,300,-0.5169,-1.2108,0.8375,-1.7893,1.7482,1.1209,0.7934,-1.3624
Pablo Marí,Fiorentina,DIF,CENTRALE,810.0,-0.1366,-0.0896,-0.0977,-0.0856,-0.0862,-0.1667,0.0891,7.2989,1.0188,0.3491,,0.0881,0.118,0.1187,0,0.04,,-0.2,-0.04,0.004,0.0133,0.9529,0.014,-0.07,32.73,0.1428,38,11,0,0,0.6447,203,270,302,326,325,328,-0.6966,-0.663,-0.0895,0.136,,0.0202,-1.57,-1.7328
Sascha Britschgi,Parma Calcio 1913,DIF,QUINTO,2103.0,-0.1417,0.0284,-0.3693,0.0629,0.0486,-0.0867,0.109,10.4483,1.1717,0.3699,0.1554,0.0608,0.1618,0.1622,0,0.43,,-0.6557,-0.43,0.018,0.0864,1.0027,0.0246,-0.732,19.74,0.7194,38,29,0,0,0.8816,204,215,274,326,93,156,-0.2804,0.4759,1.0688,0.4275,,-0.6369,0.9831,0.4017
Ivan Smolcic,Como,DIF,TERZINO,1685.0,-0.1421,0.0072,-0.3037,-0.1674,-0.2852,-0.0846,0.1348,6.8532,1.1458,0.3282,0.1788,0.1024,0.131,0.1268,0,1.12,0.0,-1.0583,-1.12,0.06,0.0791,0.9946,0.0468,-0.579,25.77,0.6021,38,28,0,0,0.8684,205,214,247,271,146,172,0.2579,-0.8241,0.8726,-0.1568,-1.2412,-1.2175,0.4637,0.2827
Jamil Siebert,Lecce,DIF,CENTRALE,1701.0,-0.1462,-0.1663,0.0424,0.0552,0.0536,-0.0785,0.071,7.9798,1.0225,0.3329,0.0786,0.0889,0.1164,0.1168,1,0.48,,0.7506,0.52,0.025,0.0169,0.9528,0.0258,-0.323,24.14,0.7216,38,21,0,0,0.7763,206,210,330,326,90,262,-1.073,-0.4167,-0.0615,-0.091,,1.3909,0.9928,-0.5471
Josh Doig,Sassuolo,DIF,TERZINO,1924.0,-0.1522,-0.238,-0.0326,-0.08,-0.0881,-0.0141,0.1121,8.3984,0.9017,0.4447,0.1098,0.1197,0.1274,0.1278,0,0.74,0.0,-0.8602,-0.74,0.035,0.0706,0.9762,0.0721,-0.343,24.02,0.7271,38,30,0,0,0.8947,207,186,270,271,86,138,-0.2155,-0.2654,-0.9767,1.4756,-1.2412,-0.9318,1.0171,0.5197
Woyo Coulibaly,Sassuolo,DIF,TERZINO,1023.0,-0.155,-0.1284,-0.1267,-0.0459,-0.0442,-0.1356,0.0771,5.4671,1.2686,0.3441,0.1106,0.0732,0.1206,0.1213,0,0.11,,-0.3317,-0.11,0.01,0.0264,1.0007,0.0314,-0.343,30.12,0.232,38,20,0,0,0.7632,208,250,320,326,285,269,-0.9457,-1.3254,1.8029,0.066,,-0.1697,-1.175,-0.6651
Tiago Gabriel,Lecce,DIF,CENTRALE,3223.0,-0.156,0.0196,-0.4582,-0.2079,-0.2117,-0.0283,0.1151,12.1843,,0.3569,0.1598,0.0686,0.1174,0.1177,2,3.99,0.501,-0.9962,-1.99,0.111,0.0006,0.9867,0.0804,-0.371,21.41,0.7756,38,37,0,0,0.9868,209,191,266,217,15,12,-0.1523,1.1037,,0.2453,-0.4055,-1.1279,1.2319,1.3495
Nikola Stulic,Lecce,ATT,CENTRAVANTI,1713.0,-0.1586,0.0246,-0.3046,0.0963,0.0766,0.175,0.3887,18.7083,,0.2717,0.4639,0.337,0.3837,0.3822,3,4.71,0.637,-0.7879,-1.71,0.247,0.1103,0.9833,3.1393,2.434,24.71,0.6881,38,34,0,0,0.9474,210,98,73,189,112,67,-0.5641,0.0365,,-1.5374,-0.4606,-0.5576,0.776,0.8596
Unai Núñez,Verona,DIF,CENTRALE,1263.0,-0.1601,-0.1495,-0.0683,-0.0569,-0.0566,-0.1688,0.0737,6.8104,1.4438,0.4674,0.0974,0.0826,0.1184,0.119,0,0.3,,-0.5477,-0.3,0.021,0.0107,1.0137,0.0123,-0.539,29.31,0.2806,38,17,0,0,0.7237,211,273,326,326,268,300,-1.0177,-0.8396,3.0,1.7936,,-0.4812,-0.9598,-1.021
Lassana Coulibaly,Lecce,CEN,MEZZALA,2708.0,-0.1654,-0.2441,-0.1222,-0.2699,-0.2712,0.0008,0.1544,13.5347,,0.3929,0.1753,0.1479,0.1524,0.1524,3,3.19,0.94,-0.1064,-0.19,0.106,0.0402,1.0136,0.1337,-0.052,30.12,0.232,38,33,1,4,0.8803,212,174,219,117,285,164,-0.6269,0.5891,,0.1488,0.1646,0.103,-1.0978,0.3161
Riccardo Orsolini,Bologna,ATT,ALA,2146.0,-0.1659,0.0331,-0.2384,0.0006,-0.0099,0.1017,0.3581,16.9475,,0.2338,0.4306,0.3126,0.343,0.3419,6,6.33,0.948,-0.1312,-0.33,0.265,0.0717,1.0174,0.8502,0.086,29.33,0.2792,38,35,0,0,0.9605,213,125,96,116,269,47,-0.9172,-0.3149,,-1.9619,0.1746,0.2485,-1.0943,0.9645
Walid Cheddira,Lecce,ATT,CENTRAVANTI,1193.0,-0.1764,-0.4033,0.1457,-0.1913,-0.1961,-0.1218,0.4157,13.8057,1.2289,0.3154,0.4126,0.4308,0.3955,0.3937,4,4.534,0.882,-0.2508,-0.534,0.342,0.0459,0.9836,0.6053,-0.022,28.33,0.3565,38,33,0,0,0.9342,214,244,55,131,241,88,-0.2515,-0.9419,1.6696,-1.0479,0.0398,0.1017,-0.7408,0.7539
Francesco Acerbi,Inter,DIF,CENTRALE,1380.0,-0.1775,-0.0453,-0.3197,0.0235,-0.1656,-0.2146,0.103,6.6184,0.8245,0.3269,0.1375,0.0752,0.1494,0.1326,0,0.37,,-0.6083,-0.37,0.024,0.0613,0.9719,0.1132,0.438,38.28,0.0647,38,18,0,0,0.7368,215,290,282,326,351,288,-0.4051,-0.909,-1.5615,-0.1751,,-0.5686,-1.9158,-0.903
Lloyd Kelly,Juventus,DIF,CENTRALE,2997.0,-0.1817,-0.2084,-0.2328,-0.3018,-0.3816,-0.0168,0.0708,4.8939,,0.397,0.0929,0.0643,0.0817,0.0761,1,0.96,1.042,0.0408,0.04,0.029,0.0315,1.0027,0.1321,1.159,27.63,0.4217,38,35,0,0,0.9605,216,188,331,97,228,47,-1.0774,-1.5327,,0.8072,0.497,0.3674,-0.3351,1.1126
Enzo Ebosse,Torino,DIF,CENTRALE,1342.0,-0.1833,-0.0466,-0.1887,-0.0932,-0.0838,-0.0976,0.0758,7.2938,1.0147,0.2935,0.1117,0.0717,0.1087,0.1093,0,0.059,,-0.2429,-0.059,0.004,0.0349,1.0236,0.0768,1.195,27.2,0.4653,38,17,0,0,0.7237,217,222,323,326,209,300,-0.973,-0.6648,-0.1206,-0.6431,,-0.0417,-0.142,-1.021
Christian Kabasele,Udinese,DIF,CENTRALE,2273.0,-0.1834,-0.0131,-0.3544,-0.3236,-0.2988,-0.1397,0.0813,7.297,0.9718,0.2778,0.1259,0.0447,0.0678,0.0682,3,1.68,1.786,1.0184,1.32,0.067,0.0024,0.9838,0.0076,-0.891,35.24,0.1023,38,30,0,0,0.8947,218,251,311,18,347,138,-0.8596,-0.6636,-0.4456,-0.863,1.7381,1.777,-1.7493,0.5197
Mattia Zaccagni,Lazio,ATT,ALA,2127.0,-0.1836,-0.5656,0.1859,-0.04,-0.0755,-0.1439,0.3745,22.8849,1.0638,0.4839,0.3632,0.4034,0.372,0.3709,3,5.63,0.533,-1.1084,-2.63,0.238,0.1172,1.0028,0.4893,0.302,30.94,0.1947,38,26,0,0,0.8421,219,255,88,210,301,203,-0.728,0.8701,0.396,0.8396,-0.673,-0.951,-1.4808,0.0161
Jhon Lucumí,Bologna,DIF,CENTRALE,2282.0,-0.191,-0.0946,-0.2931,-0.0933,-0.0982,-0.1131,0.0933,7.7469,1.0682,0.2658,0.1376,0.0554,0.1447,0.1451,1,1.38,0.725,-0.3235,-0.38,0.054,0.0304,0.998,0.0693,-0.065,27.91,0.3947,38,29,0,0,0.8816,220,237,298,174,234,156,-0.6078,-0.501,0.2847,-1.0312,-0.0318,-0.1579,-0.4546,0.4017
Ardon Jashari,AC Milan,CEN,MEZZALA,703.0,-0.1922,-0.1708,-0.1358,-0.2884,-0.0325,-0.1585,0.1905,8.7653,1.0462,0.2784,0.2111,0.1773,,0.232,0,0.25,,-0.5,-0.25,0.032,0.1447,1.0175,0.0861,-0.672,23.82,0.7351,38,14,0,0,0.6842,221,266,168,326,79,317,-0.1048,-0.7483,0.1874,-1.3035,,-0.4898,1.07,-1.7858
Daniel Maldini,Lazio,ATT,TREQUARTISTA,944.0,-0.1924,0.1914,-0.4649,-0.0631,-0.073,-0.106,0.4049,13.2673,1.1921,0.3217,0.5261,0.2927,0.4137,0.4118,2,2.797,0.715,-0.4766,-0.797,0.267,0.1134,1.0221,0.7071,0.089,24.62,0.6941,38,21,0,0,0.7763,222,231,63,178,110,262,-0.3763,-1.0494,1.3857,-0.9773,-0.3013,-0.1755,0.8035,-0.511
Jeff Ekhator,Genoa,ATT,CENTRAVANTI,930.0,-0.1927,-0.204,-0.0652,0.0639,0.046,0.0459,0.4218,12.1097,0.9165,0.4309,0.4627,0.3889,0.4467,0.4448,3,3.2,0.938,-0.1118,-0.2,0.31,0.0832,0.9835,0.5798,0.487,19.53,0.71,38,30,0,0,0.8947,223,151,51,119,105,138,-0.1808,-1.2804,-0.7404,0.2459,0.1542,0.2723,0.8762,0.4374
Filippo Terracciano,Cremonese,DIF,CENTRALE,3023.0,-0.1952,-0.3552,-0.0349,-0.4124,-0.3965,-0.0907,0.0956,10.0496,,0.3214,0.0962,0.1032,0.0788,0.0792,2,2.35,0.851,-0.2283,-0.35,0.07,0.0191,0.9887,0.0196,-0.765,23.29,0.7481,38,36,0,0,0.9737,224,220,294,145,56,27,-0.5598,0.3317,,-0.2521,0.1784,-0.0206,1.1101,1.2315
Gabriel Strefezza,Parma Calcio 1913,ATT,ALA,1026.0,-0.2003,-0.1286,-0.1095,-0.1475,-0.1471,-0.0049,0.327,17.7719,0.7445,0.442,0.3938,0.3374,0.3585,0.3566,2,1.06,1.887,0.913,0.94,0.093,0.0939,0.9825,0.2074,0.098,21.41,0.7756,38,14,0,0,0.6842,225,177,107,14,15,317,-1.2765,-0.1503,-2.0673,0.3702,2.0925,1.5303,1.1762,-1.2487
Alessandro Deiola,Cagliari,CEN,MEZZALA,1444.0,-0.2011,-0.1021,-0.3025,-0.5187,-0.51,-0.3419,0.1873,12.3298,1.2234,0.3801,0.2247,0.1584,0.1588,0.1588,0,2.24,0.0,-1.4967,-2.24,0.14,0.0374,0.9859,0.2512,0.486,30.81,0.1999,38,20,1,10,0.6959,226,327,171,271,297,315,-0.1517,0.2512,1.5364,-0.0136,-1.664,-1.991,-1.2362,-1.6604
Kristjan Asllani,Torino,CEN,MEZZALA,1145.0,-0.2042,-0.2183,-0.1112,-0.0609,-0.0673,-0.103,0.1613,9.9302,1.0859,0.4808,0.1793,0.1694,0.2133,0.2133,0,0.39,,-0.6245,-0.39,0.031,0.0888,0.9873,0.1112,-0.029,24.21,0.7181,38,15,0,0,0.6974,227,229,205,326,96,312,-0.5264,-0.4216,0.4896,1.2637,,-0.6773,0.9968,-1.6443
Lewis Ferguson,Bologna,CEN,MEDIANO,1576.0,-0.205,0.0146,-0.3021,-0.0953,-0.0968,-0.1451,0.1543,9.8344,0.7404,0.3379,0.1991,0.1334,0.1853,0.1853,1,0.66,1.515,0.4185,0.34,0.038,0.0891,0.9603,0.1138,-0.636,26.75,0.5098,38,27,0,0,0.8553,228,257,220,38,190,185,-0.6282,-0.4485,-2.1407,-0.5488,1.2832,0.8935,0.0992,0.0482
Luca Lipani,Sassuolo,CEN,MEZZALA,1011.0,-0.2052,-0.366,-0.0301,-0.3364,-0.33,-0.0118,0.1904,9.1947,0.9682,0.3438,0.1921,0.195,0.1845,0.1845,0,0.92,0.0,-0.9592,-0.92,0.082,0.0997,1.0069,0.2602,0.128,21.02,0.7677,38,24,0,0,0.8158,229,183,169,271,31,231,-0.1073,-0.6279,-0.4065,-0.474,-1.664,-1.1814,1.2105,-0.3752
Danilo Cataldi,Lazio,CEN,MEZZALA,2007.0,-0.2063,-0.3484,-0.0185,-0.2896,-0.2943,-0.3465,0.1594,11.7099,0.9345,0.4059,0.1696,0.1657,0.1721,0.1721,1,1.19,0.84,-0.1742,-0.19,0.053,0.0928,1.0014,0.1008,-0.355,31.8,0.1657,38,27,1,36,0.7303,230,330,206,150,312,294,-0.554,0.0774,-0.663,0.3137,-0.0299,0.0009,-1.3835,-1.2917
Luca Ranieri,Fiorentina,DIF,CENTRALE,2489.0,-0.2071,-0.0573,-0.4455,-0.6073,-0.581,-0.2072,0.1151,8.4,,0.3169,0.1569,0.0741,0.0777,0.078,1,2.08,0.481,-0.7488,-1.08,0.075,0.0372,0.9964,0.0275,-0.808,27.09,0.4768,38,34,0,0,0.9474,231,288,267,219,205,67,-0.1534,-0.2648,,-0.3152,-0.4388,-0.7712,-0.0911,0.9945
Patrizio Masini,Genoa,CEN,MEDIANO,1379.0,-0.2071,-0.2736,-0.2471,0.1875,0.1679,-0.0991,0.2067,10.1588,1.229,0.3814,0.209,0.2012,0.3108,0.3108,0,2.02,0.0,-1.4213,-2.02,0.132,0.0809,1.0072,0.2654,0.306,25.32,0.6415,38,28,0,0,0.8684,231,224,154,271,136,172,0.1277,-0.3575,1.579,0.0029,-1.664,-1.8774,0.6667,0.1886
Adam Buksa,Udinese,ATT,CENTRAVANTI,886.0,-0.2095,-0.3322,0.0393,-0.2921,-0.2869,-0.3413,0.412,13.2931,1.0095,0.4143,0.4216,0.4189,0.3554,0.3535,3,2.79,1.075,0.1257,0.21,0.283,0.1016,1.02,0.3883,-0.161,29.86,0.2462,38,25,1,59,0.6528,233,326,60,89,279,326,-0.2944,-1.0442,-0.0229,0.06,0.434,0.5638,-1.2453,-1.5002
Daniele Ghilardi,Roma,DIF,CENTRALE,1070.0,-0.2099,-0.1785,-0.2238,-0.1947,-0.1727,-0.0268,0.1,5.2618,1.1556,0.2997,0.1281,0.0867,0.1068,0.1074,0,0.56,0.0,-0.7483,-0.56,0.047,0.0345,1.0402,0.1617,1.678,23.38,0.7468,38,23,0,0,0.8026,234,190,288,271,66,244,-0.4682,-1.3996,0.9469,-0.5562,-1.2412,-0.7705,1.1044,-0.3101
Lorenzo Pellegrini,Roma,ATT,TREQUARTISTA,1508.0,-0.212,-0.1017,-0.2621,0.3087,0.2392,-0.2742,0.4008,16.771,0.8701,0.4502,0.4483,0.3686,0.4639,0.4536,2,3.26,0.613,-0.6978,-1.26,0.195,0.1779,0.9717,0.241,-0.46,32.8,0.1413,38,24,0,0,0.8158,235,305,65,192,327,231,-0.424,-0.3501,-1.0983,0.4621,-0.5096,-0.447,-1.7251,-0.1946
Thijs Dallinga,Bologna,ATT,CENTRAVANTI,785.0,-0.2121,-0.0655,-0.4705,-0.1544,-0.1743,-0.154,0.4676,14.2049,1.1918,0.392,0.5343,0.3615,0.4353,0.4333,2,3.88,0.515,-0.9544,-1.88,0.445,0.0814,1.0114,0.136,-0.663,25.8,0.5994,38,23,0,0,0.8026,236,262,33,213,147,244,0.3474,-0.8622,1.3834,-0.1898,-0.7097,-0.762,0.3703,-0.3003
Pietro Comuzzo,Fiorentina,DIF,CENTRALE,1697.0,-0.2215,-0.1801,-0.2585,0.0462,0.04,-0.1192,0.0684,5.2501,1.1339,0.315,0.0997,0.062,0.143,0.1435,1,0.81,1.235,0.2111,0.19,0.043,0.0021,1.0028,0.0161,-0.552,21.25,0.7729,38,27,0,0,0.8553,237,241,335,64,20,185,-1.1279,-1.4038,0.7825,-0.3418,0.8189,0.6129,1.2199,0.1647
Sebastian Otoa,Genoa,DIF,CENTRALE,829.0,-0.2242,-0.1698,-0.1082,-0.1928,-0.1859,-0.1186,0.0808,7.387,0.8205,0.3066,0.1045,0.0896,0.1111,0.1118,0,0.08,,-0.2828,-0.08,0.009,0.0,0.9723,0.0102,0.326,22.03,0.7778,38,13,1,21,0.5794,238,240,312,326,9,337,-0.8686,-0.6311,-1.5918,-0.4595,,-0.0992,1.2416,-2.3212
Assane Diao,Como,ATT,ALA,1098.0,-0.2244,-0.0644,-0.2385,-0.0185,-0.0242,-0.0711,0.4157,17.0396,0.8871,0.2817,0.4994,0.3479,0.4177,0.416,2,3.18,0.629,-0.6617,-1.18,0.261,0.1377,1.0059,0.6682,-0.239,20.71,0.7585,38,17,0,0,0.7237,239,208,56,191,46,300,-0.2516,-0.2965,-0.9672,-1.4254,-0.4769,-0.4027,1.098,-0.9323
Bryan Cristante,Roma,CEN,MEZZALA,3116.0,-0.2261,-0.232,-0.3249,-0.1139,-0.2557,0.1768,0.1439,9.0435,,0.4271,0.1762,0.128,0.1809,0.1691,2,2.35,0.851,-0.2283,-0.35,0.068,0.0661,1.0065,0.195,0.467,31.23,0.1839,38,37,0,0,0.9868,240,97,236,145,305,12,-0.7783,-0.6703,,0.5826,-0.0085,-0.0806,-1.3051,1.4577
Jonathan Rowe,Bologna,ATT,ALA,1612.0,-0.2273,-0.5055,0.0776,-0.5725,-0.567,-0.0976,0.4305,19.2296,1.0212,0.3939,0.4203,0.4427,0.3535,0.3522,3,4.95,0.606,-0.8765,-1.95,0.276,0.1513,0.9998,0.4924,-0.063,23.07,0.7499,38,28,0,0,0.8684,241,222,47,195,50,172,-0.0804,0.1406,0.0673,-0.1686,-0.5239,-0.6663,1.0587,0.2268
Sebastian Walukiewicz,Sassuolo,DIF,TERZINO,2871.0,-0.2278,-0.0542,-0.4213,-0.0313,-0.0402,-0.1079,0.0803,7.684,,0.3723,0.1236,0.0507,0.1245,0.1248,0,0.18,,-0.4243,-0.18,0.006,0.0649,0.99,0.0914,0.296,26.13,0.5687,38,34,0,0,0.9474,242,235,313,326,160,67,-0.8794,-0.5237,,0.4611,,-0.3033,0.3158,0.9945
Matteo Politano,Napoli,ATT,ALA,2249.0,-0.2311,-0.4641,-0.051,-0.0644,0.0645,-0.0632,0.367,16.6309,,0.465,0.3964,0.3606,0.3826,0.3956,2,3.13,0.639,-0.6387,-1.13,0.125,0.2245,1.0106,0.2679,-0.3,32.8,0.1413,38,34,0,0,0.9474,243,203,92,187,327,67,-0.8142,-0.3781,,0.6279,-0.4565,-0.3744,-1.7251,0.8596
Lautaro Valenti,Parma Calcio 1913,DIF,CENTRALE,2255.0,-0.234,-0.2501,-0.2117,-0.105,-0.1129,-0.1399,0.0801,9.1171,1.0964,0.3997,0.1011,0.0741,0.1174,0.1178,0,0.49,,-0.7,-0.49,0.02,0.0463,0.9819,0.0393,-0.391,27.36,0.4488,38,27,0,0,0.8553,244,252,314,326,216,185,-0.8846,-0.0055,0.4984,0.845,,-0.7008,-0.2151,0.1647
Sebastiano Luperto,Cremonese,DIF,CENTRALE,3024.0,-0.2394,-0.237,-0.232,-0.2764,-0.2655,-0.0127,0.0766,8.822,1.0004,0.3396,0.0983,0.0686,0.087,0.0873,1,0.945,1.058,0.0566,0.055,0.028,0.0379,0.9819,0.0215,-0.671,29.71,0.255,38,34,0,0,0.9474,245,184,322,91,277,67,-0.9571,-0.1122,-0.2289,0.0029,0.5237,0.3902,-1.0732,0.9945
Cher Ndour,Fiorentina,CEN,MEZZALA,1875.0,-0.2497,-0.1888,-0.3705,0.2781,0.2626,-0.1076,0.158,8.1742,,0.3851,0.201,0.1311,0.2558,0.2558,3,2.61,1.149,0.2414,0.39,0.125,0.0168,1.0119,0.0813,-0.375,21.82,0.7786,38,33,0,0,0.9342,246,234,210,73,2,88,-0.5738,-0.914,,0.0499,0.5712,0.6268,1.2575,0.8939
Mateo Pellegrino,Parma Calcio 1913,ATT,CENTRAVANTI,3012.0,-0.2505,-0.5387,-0.0337,-0.4939,-0.4973,0.0022,0.3539,27.2964,,0.4233,0.3525,0.3779,0.3296,0.3286,8,9.14,0.875,-0.3771,-1.14,0.273,0.0633,0.9969,0.2733,-0.207,24.59,0.6961,38,37,0,0,0.9868,247,173,97,135,109,12,-0.9658,1.7506,,0.1608,0.0255,-0.0533,0.8126,1.1752
Martín Payero,Cremonese,CEN,MEZZALA,1469.0,-0.2512,-0.1709,-0.2704,-0.1565,-0.1591,-0.1555,0.1479,9.6931,1.1975,0.4225,0.1834,0.1403,0.1677,0.1677,1,1.43,0.699,-0.3596,-0.43,0.088,0.0337,1.0038,0.1674,0.245,27.7,0.4148,38,25,1,20,0.7395,248,263,225,182,231,284,-0.7196,-0.4881,1.3392,0.5242,-0.3042,-0.2784,-0.3102,-1.1931
Omri Gandelman,Lecce,ATT,TREQUARTISTA,971.0,-0.2514,-0.0575,-0.2797,-0.4922,-0.4695,0.0212,0.3512,14.9691,1.0602,0.3176,0.444,0.3202,0.2918,0.2901,2,1.74,1.149,0.1971,0.26,0.161,0.1038,0.988,0.7634,1.104,26.02,0.579,20,19,0,0,0.975,249,161,98,73,154,19,-0.997,-0.7097,0.3682,-1.0232,0.5852,0.6515,0.277,1.0807
Stefano Moreo,Pisa,ATT,SECONDA_PUNTA,2336.0,-0.2515,-0.3265,-0.1207,-0.6487,-0.6252,-0.003,0.348,18.6046,,0.4678,0.3601,0.3677,0.3117,0.3106,5,4.69,1.066,0.1431,0.31,0.181,0.1364,0.9874,0.3505,0.088,32.9,0.1393,38,37,0,0,0.9868,250,175,99,90,329,12,-1.0339,0.0158,,0.6593,0.4156,0.5852,-1.7343,1.1752
Remo Freuler,Bologna,CEN,MEDIANO,2236.0,-0.2519,0.1449,-0.4769,0.0573,0.0397,-0.1027,0.1391,10.0788,0.8987,0.2895,0.2223,0.0854,0.2109,0.2109,1,1.69,0.592,-0.5308,-0.69,0.068,0.0543,1.0005,0.4456,2.804,34.11,0.1182,38,29,0,0,0.8816,251,227,241,201,341,156,-0.8466,-0.38,-0.9356,-1.1627,-0.5123,-0.5362,-1.5882,0.3301
Matteo Prati,Torino,CEN,MEZZALA,1893.0,-0.2562,-0.4747,-0.0143,-0.4162,-0.4048,0.0131,0.1718,9.9993,0.953,0.4048,0.1646,0.1891,0.1683,0.1683,1,1.673,0.598,-0.5203,-0.673,0.08,0.081,1.002,0.1708,0.169,22.4,0.772,38,33,0,0,0.9342,252,165,188,199,23,88,-0.3752,-0.4023,-0.5222,0.2997,-0.5007,-0.5204,1.229,0.8939
Oliver Provstgaard,Lazio,DIF,CENTRALE,1515.0,-0.2592,-0.0471,-0.4674,-0.2635,-0.2588,-0.1675,0.0934,6.8941,1.1814,0.2696,0.1401,0.0634,0.0966,0.0972,0,0.67,0.0,-0.8185,-0.67,0.04,0.0392,1.0158,0.0318,-0.585,22.97,0.7515,38,26,0,0,0.8421,253,271,297,271,48,203,-0.6068,-0.8093,1.1423,-0.9779,-1.2412,-0.8717,1.1252,0.0458
Patrick Cutrone,Parma Calcio 1913,ATT,CENTRAVANTI,908.0,-0.2625,-0.219,-0.2984,0.1292,0.0885,-0.3352,0.4199,21.2662,1.1022,0.278,0.4884,0.3615,0.4505,0.4486,1,3.27,0.306,-1.2553,-2.27,0.324,0.0654,0.9777,0.2812,-0.644,28.39,0.3513,38,15,0,0,0.6974,254,322,53,242,245,312,-0.2033,0.5471,0.6922,-1.4668,-1.1366,-1.1313,-0.7645,-1.143
Giuseppe Pezzella,Cremonese,DIF,QUINTO,2599.0,-0.2647,-0.3216,-0.1294,-0.0978,-0.0965,-0.1846,0.0744,8.7893,0.9003,0.4341,0.0873,0.0781,0.1099,0.1102,0,0.11,,-0.3317,-0.11,0.004,0.0575,0.9735,0.0429,-0.29,28.48,0.3437,38,31,0,0,0.9079,255,277,325,326,247,123,-1.0023,-0.124,-0.9873,1.327,,-0.1697,-0.6804,0.6386
Rafiu Durosinmi,Pisa,ATT,CENTRAVANTI,428.0,-0.2673,-0.0997,-0.1713,-0.0717,-0.0763,-0.0742,0.3792,11.762,0.965,0.3415,0.4484,0.3577,0.3953,0.3932,1,0.75,1.333,0.2887,0.25,0.158,0.0168,0.9716,0.422,0.485,23.39,0.7466,19,12,0,0,0.8158,256,209,85,52,68,231,-0.6734,-1.3498,-0.3662,-0.7555,0.961,0.7639,1.0436,-0.1946
Adrien Tameze,Torino,DIF,CENTRALE,1110.0,-0.2687,-0.2393,-0.2146,-0.1823,-0.1774,-0.1772,0.08,5.2743,0.9818,0.3142,0.1026,0.0846,0.1167,0.1173,0,0.22,,-0.469,-0.22,0.018,0.0219,0.9577,0.0177,-0.619,32.3,0.1525,38,24,0,0,0.8158,257,274,316,326,322,231,-0.8861,-1.3951,-0.3698,-0.353,,-0.3677,-1.527,-0.1912
Federico Baschirotto,Cremonese,DIF,CENTRALE,2540.0,-0.2746,-0.2407,-0.2058,0.0427,0.041,-0.3484,0.0594,7.4613,0.9948,0.3282,0.0727,0.0674,0.1159,0.1162,2,1.13,1.77,0.8184,0.87,0.04,0.0025,0.9763,0.0148,-0.642,29.67,0.2574,38,29,1,57,0.7099,258,331,344,20,276,309,-1.3167,-0.6042,-0.2713,-0.1568,1.7114,1.4886,-1.0625,-1.1454
Jakub Piotrowski,Udinese,CEN,MEZZALA,1702.0,-0.28,-0.2066,-0.3897,-0.2207,-0.2258,-0.1444,0.2083,10.5378,,0.4003,0.2398,0.1769,0.229,0.229,1,3.2,0.312,-1.2298,-2.2,0.169,0.0412,0.9895,0.1441,-0.197,28.64,0.3305,38,33,0,0,0.9342,259,256,153,241,252,88,0.1519,-0.2513,,0.2427,-1.057,-1.589,-0.6734,0.8939
Federico Bonazzoli,Cremonese,ATT,CENTRAVANTI,2571.0,-0.2825,-0.2594,-0.3276,-0.3069,-0.3228,0.06,0.3232,22.561,,0.4702,0.3858,0.2995,0.3474,0.3465,7,6.74,1.039,0.1001,0.26,0.236,0.0536,0.9771,0.2152,-0.295,29.01,0.3018,38,35,0,0,0.9605,260,144,108,100,261,47,-1.3202,0.8055,,0.6861,0.3605,0.5324,-0.991,0.9645
Oliver Sørensen,Parma Calcio 1913,CEN,MEZZALA,1834.0,-0.2829,-0.3225,-0.139,-0.1203,-0.1258,0.0841,0.157,10.5693,,0.2284,0.17,0.1652,0.1959,0.1959,1,2.04,0.49,-0.7281,-1.04,0.1,0.0363,0.992,0.4466,1.125,24.21,0.7181,38,34,0,0,0.9474,261,135,211,218,96,67,-0.5891,-0.2424,,-1.9377,-0.7108,-0.8334,0.9968,1.0353
Tommaso Baldanzi,Genoa,ATT,TREQUARTISTA,787.0,-0.2831,-0.3267,-0.0804,-0.2051,-0.2112,-0.1627,0.3868,12.4659,1.0983,0.4404,0.4124,0.3945,0.4153,0.4134,1,1.873,0.534,-0.6379,-0.873,0.214,0.1032,0.9847,0.2561,-0.321,23.17,0.7494,38,18,0,0,0.7368,262,267,75,209,52,288,-0.5854,-1.2093,0.6621,0.3523,-0.6709,-0.3735,1.0564,-0.8274
Semih Kiliçsoy,Cagliari,ATT,CENTRAVANTI,973.0,-0.2863,-0.3201,-0.0473,-0.2031,-0.1945,-0.1067,0.3337,11.8634,0.9177,0.4639,0.3799,0.3519,0.3443,0.3425,4,2.06,1.942,1.3517,1.94,0.191,0.037,1.0047,0.1303,-0.364,20.77,0.7605,38,22,0,0,0.7895,263,232,102,13,44,254,-1.1994,-1.3296,-0.7311,0.6156,2.2048,2.0688,1.1072,-0.4052
Gvidas Gineitis,Torino,CEN,MEZZALA,1778.0,-0.288,-0.3113,-0.3009,-0.3817,-0.3818,0.0233,0.1878,10.2009,1.1891,0.3006,0.2161,0.1688,0.217,0.217,0,0.94,0.0,-0.9695,-0.94,0.048,0.1357,1.0017,0.1733,-0.27,22.11,0.777,38,29,0,0,0.8816,264,159,170,271,11,156,-0.1438,-0.3457,1.2753,-1.0219,-1.664,-1.1969,1.2506,0.3301
Lennon Miller,Udinese,CEN,MEZZALA,985.0,-0.2883,-0.2007,-0.1474,-0.2539,-0.2508,-0.0825,0.1775,8.8366,0.8441,0.2037,0.2013,0.17,0.1858,0.1858,0,0.3,,-0.5477,-0.3,0.027,0.1224,0.9818,0.3698,-0.52,19.75,0.7199,38,24,0,0,0.8158,265,212,182,326,92,231,-0.2935,-0.7283,-1.3512,-2.251,,-0.5617,1.0045,-0.3752
Antonio Sanabria,Cremonese,ATT,CENTRAVANTI,921.0,-0.2885,-0.1449,-0.4489,-0.6991,-0.6843,-0.3102,0.4575,18.4601,1.0215,0.2518,0.5135,0.3768,0.3493,0.3474,1,3.0,0.333,-1.1547,-2.0,0.293,0.1935,1.0015,0.3645,-0.81,30.22,0.2269,38,25,0,0,0.8289,266,314,37,239,290,218,0.2316,-0.013,0.0696,-1.7603,-1.0815,-1.0078,-1.3336,-0.0896
Cyril Ngonge,Torino,ATT,CENTRAVANTI,987.0,-0.2909,-0.0298,-0.3682,-0.6294,-0.5969,-0.234,0.372,13.6116,0.9033,0.2814,0.473,0.3227,0.2993,0.2977,1,2.77,0.361,-1.0635,-1.77,0.253,0.0502,0.9681,1.53,-0.088,25.99,0.5818,38,20,0,0,0.7632,267,295,90,235,153,269,-0.7568,-0.9807,-0.8422,-1.4287,-1.0243,-0.8959,0.2898,-0.6159
Simon Sohm,Bologna,CEN,MEZZALA,1447.0,-0.2928,-0.3688,-0.116,-0.3303,-0.3207,-0.1121,0.1828,9.828,0.9585,0.4373,0.1768,0.1959,0.1989,0.1989,0,0.784,0.0,-0.8854,-0.784,0.049,0.1265,1.0161,0.0873,-0.327,25.12,0.6578,38,28,0,0,0.8684,268,236,175,271,125,172,-0.2171,-0.4503,-0.4803,0.712,-1.664,-1.0703,0.7369,0.1886
Antoine Bernede,Verona,CEN,MEZZALA,2349.0,-0.2948,-0.3534,-0.3206,-0.1743,-0.1768,-0.1476,0.1319,10.799,1.125,0.4483,0.1478,0.1394,0.1813,0.1813,1,1.03,0.971,-0.0296,-0.03,0.039,0.0747,0.9996,0.0968,-0.082,27.0,0.4862,38,32,1,21,0.8294,269,261,253,112,204,215,-0.9508,-0.178,0.7873,0.8515,0.225,0.2186,-0.0025,-0.2295
Isak Hien,Atalanta,DIF,CENTRALE,1951.0,-0.2963,-0.4123,-0.1834,-0.1758,-0.173,-0.1962,0.0717,4.8313,1.0457,0.3029,0.0855,0.0783,0.1128,0.1133,1,1.09,0.917,-0.0862,-0.09,0.05,0.0051,1.0179,0.0378,-0.2,27.36,0.4488,38,28,0,0,0.8684,270,283,329,123,216,172,-1.0595,-1.5553,0.1143,-0.5113,0.2885,0.1843,-0.2151,0.2827
Andrias Edmundsson,Verona,DIF,CENTRALE,1322.0,-0.2978,-0.2286,-0.1398,-0.1956,-0.1926,-0.199,0.0663,8.6697,0.753,0.3001,0.0929,0.0763,0.0962,0.0968,0,0.16,,-0.4,-0.16,0.011,0.0027,0.9707,0.008,-0.4,25.43,0.6322,38,15,0,0,0.6974,271,284,339,326,140,312,-1.1722,-0.1673,-2.1032,-0.5506,,-0.2682,0.597,-1.258
Zé Pedro,Cagliari,DIF,CENTRALE,1723.0,-0.3007,-0.3186,-0.151,-0.3542,-0.34,-0.2037,0.0819,7.9844,0.9621,0.245,0.099,0.0847,0.0888,0.0893,0,0.74,0.0,-0.8602,-0.74,0.039,0.0235,0.9891,0.1807,0.853,28.96,0.3055,38,23,0,0,0.8026,272,287,309,271,260,244,-0.8465,-0.4151,-0.5191,-1.3226,-1.2412,-0.9318,-0.8496,-0.3101
Filip Stojilkovic,Pisa,ATT,CENTRAVANTI,660.0,-0.304,-0.2082,-0.4595,-0.2124,-0.2299,-0.0878,0.4289,19.731,0.7016,0.4188,0.4936,0.3685,0.4304,0.4284,0,2.32,0.0,-1.5232,-2.32,0.316,0.0982,1.0022,0.4575,0.453,26.38,0.545,16,13,0,0,0.9062,273,217,49,271,178,129,-0.0995,0.2407,-2.3982,0.1104,-1.7616,-1.4602,0.1215,0.5296
Jens Odgaard,Bologna,ATT,TREQUARTISTA,1391.0,-0.3042,-0.5634,0.2341,-0.2274,-0.2077,-0.2017,0.3077,11.764,1.0123,0.2726,0.3138,0.3677,0.3205,0.319,5,2.72,1.838,1.3825,2.28,0.176,0.0602,1.0263,0.5174,0.552,27.15,0.4705,38,26,0,0,0.8421,274,285,112,16,208,203,-1.4989,-1.3494,-0.0013,-1.5273,1.9924,2.1066,-0.2193,0.0161
Manuel Lazzari,Lazio,DIF,TERZINO,917.0,-0.3047,-0.2479,-0.1908,-0.1763,-0.1708,-0.2166,0.0785,6.0351,0.7305,0.2807,0.1089,0.0802,0.1094,0.11,0,0.11,,-0.3317,-0.11,0.011,0.0118,0.9933,0.01,-0.422,32.48,0.1483,38,23,0,0,0.8026,275,291,319,326,323,244,-0.9165,-1.12,-2.2737,-0.8224,,-0.1697,-1.5456,-0.3101
Mario Gila,Lazio,DIF,CENTRALE,2498.0,-0.3104,-0.4434,-0.199,-0.1242,-0.137,-0.1461,0.0942,8.2989,1.0347,0.3067,0.0998,0.0982,0.1305,0.1308,0,1.63,0.0,-1.2767,-1.63,0.059,0.0259,0.972,0.1286,0.696,26.39,0.5441,38,31,0,0,0.9079,276,259,295,271,181,123,-0.5888,-0.3013,0.0309,-0.4581,-1.2412,-1.5324,0.2069,0.6386
Diego Carlos,Como,DIF,CENTRALE,1946.0,-0.3112,-0.334,-0.2761,-0.2221,-0.3008,-0.1644,0.0912,6.122,0.93,0.2634,0.106,0.0905,0.1403,0.13,1,1.67,0.599,-0.5185,-0.67,0.077,0.0023,0.9941,0.0449,-0.34,33.19,0.1337,38,27,0,0,0.8553,277,268,300,198,333,185,-0.652,-1.0886,-0.7623,-1.0648,-0.242,-0.4391,-1.6103,0.1647
Jack Harrison,Fiorentina,ATT,ALA,983.0,-0.3122,-0.0765,-0.3387,-0.2752,-0.2706,-0.0058,0.3314,14.5458,0.7849,0.4418,0.4267,0.3038,0.3605,0.3586,1,0.92,1.087,0.0834,0.08,0.084,0.1227,1.0167,0.3224,0.595,20.36,0.7458,17,15,0,0,0.9412,278,178,103,87,69,77,-1.2257,-0.7942,-1.7556,0.368,0.4585,0.5119,1.0399,0.8099
Johan Vásquez,Genoa,DIF,CENTRALE,3219.0,-0.3172,-0.3238,-0.3285,-0.1363,-0.1377,-0.0821,0.0755,7.1259,,0.3373,0.0971,0.0657,0.1312,0.1315,1,1.89,0.529,-0.6474,-0.89,0.053,0.0129,0.9887,0.2053,2.142,27.59,0.4257,38,36,0,0,0.9737,279,211,324,211,225,27,-0.9794,-0.7255,,-0.0293,-0.3588,-0.625,-0.3174,1.2315
Martin Vitík,Bologna,DIF,CENTRALE,1320.0,-0.3176,-0.2549,-0.2096,0.0406,0.0287,-0.3163,0.0876,8.6069,0.7832,0.2572,0.1001,0.0963,0.1667,0.1674,0,0.74,0.0,-0.8602,-0.74,0.05,0.0116,1.009,0.0163,-0.722,23.34,0.7474,38,19,2,35,0.5822,280,316,304,271,59,336,-0.7278,-0.19,-1.8744,-1.1517,-1.2412,-0.9318,1.107,-2.296
Matteo Cancellieri,Lazio,ATT,ALA,1740.0,-0.3187,-0.6886,-0.0547,-0.4189,-0.4223,-0.125,0.3878,17.4644,1.2494,0.3924,0.3964,0.4004,0.3727,0.3713,4,5.21,0.768,-0.5301,-1.21,0.269,0.0998,1.0085,0.3032,-0.308,24.28,0.7144,38,30,0,0,0.8947,281,246,74,165,101,138,-0.5744,-0.2117,1.8278,-0.1854,-0.193,-0.2411,0.8963,0.4374
Antonio Caracciolo,Pisa,DIF,CENTRALE,3077.0,-0.3188,-0.3012,-0.3098,-0.5217,-0.4945,-0.1257,0.0818,8.5486,,0.269,0.1017,0.0729,0.0663,0.0667,2,2.35,0.851,-0.2283,-0.35,0.069,0.0047,0.9977,0.0396,-0.453,35.9,0.0938,38,35,0,0,0.9605,282,247,310,145,348,47,-0.8481,-0.211,,-0.9863,0.1784,-0.0206,-1.7869,1.1126
Cheikh Niasse,Verona,CEN,MEZZALA,973.0,-0.3195,-0.2277,-0.2794,-0.0351,-0.0314,-0.3252,0.1343,8.1065,1.0685,0.2995,0.1731,0.1407,0.2074,0.2074,0,0.18,,-0.4243,-0.18,0.017,0.0555,1.0011,0.2561,-0.009,26.34,0.5488,38,20,1,85,0.5293,283,319,248,326,173,344,-0.9159,-0.933,0.3571,-1.0359,,-0.3758,0.2673,-3.0
Gustav Isaksen,Lazio,ATT,ALA,1606.0,-0.3198,-0.1363,-0.278,0.0904,0.0621,-0.1073,0.3812,18.7525,0.7431,0.3385,0.4272,0.359,0.4012,0.3997,5,5.42,0.923,-0.1804,-0.42,0.304,0.0493,1.0016,0.4525,-0.041,25.1,0.6594,38,30,0,0,0.8947,284,233,81,121,123,138,-0.6498,0.0454,-2.0781,-0.7891,0.1236,0.1881,0.6447,0.4374
Giovane,Napoli,ATT,CENTRAVANTI,1873.0,-0.322,-0.2431,-0.3064,-0.233,-0.3451,-0.0389,0.4197,19.8683,0.8061,0.3819,0.4693,0.3719,0.3982,0.3731,3,4.279,0.701,-0.6183,-1.279,0.206,0.2092,1.0051,0.2266,-0.55,22.5,0.7694,38,33,0,0,0.9342,285,195,54,181,26,88,-0.2058,0.2681,-1.5921,-0.303,-0.3299,-0.3494,1.1479,0.7539
Saúl Coco,Torino,DIF,CENTRALE,3093.0,-0.3243,-0.4292,-0.213,-0.3462,-0.3305,-0.1572,0.0676,6.5409,,0.3866,0.0728,0.0781,0.0907,0.091,1,1.16,0.862,-0.1486,-0.16,0.034,0.0224,0.9911,0.0495,-0.158,27.29,0.456,38,35,0,0,0.9605,286,265,337,142,213,47,-1.1444,-0.9371,,0.6615,0.1967,0.0943,-0.1832,1.1126
Sead Kolasinac,Atalanta,DIF,CENTRALE,1233.0,-0.3251,-0.346,-0.2057,-0.3807,-0.3619,-0.29,0.059,4.0299,1.0936,0.2926,0.0879,0.0697,0.0941,0.0947,0,0.12,,-0.3464,-0.12,0.009,0.0,0.9678,0.0006,-0.912,32.93,0.1387,38,19,0,0,0.75,287,312,345,326,330,279,-1.3248,-1.8451,0.4772,-0.6557,,-0.1909,-1.5881,-0.7841
Youssef Maleh,Cremonese,CEN,MEZZALA,1574.0,-0.3331,-0.1851,-0.4497,-0.2834,-0.2858,-0.2804,0.1456,12.3146,0.8313,0.4043,0.1912,0.1258,0.1819,0.1819,1,1.293,0.773,-0.2577,-0.293,0.074,0.0368,0.9336,0.0479,-0.644,27.75,0.41,38,23,0,0,0.8026,288,310,233,163,233,244,-0.7538,0.2469,-1.4487,0.2934,-0.1602,-0.1249,-0.3308,-0.5167
Álvaro Morata,Como,ATT,CENTRAVANTI,917.0,-0.3454,-0.2114,-0.4026,-0.4242,-0.4671,-0.0934,0.4539,11.8809,0.9591,0.3212,0.5252,0.3739,0.3775,0.3709,0,4.18,0.0,-2.0445,-4.18,0.41,0.0756,1.015,1.2655,1.332,33.58,0.1267,38,26,0,0,0.8421,289,221,38,271,338,203,0.1896,-1.3261,-0.4118,-0.9829,-1.7616,-2.1001,-1.7919,0.0161
Santiago Giménez,AC Milan,ATT,CENTRAVANTI,905.0,-0.3454,-0.3142,-0.3481,-0.8992,-0.9021,-0.2914,0.4266,17.5179,0.843,0.5053,0.4742,0.3799,,,0,3.78,0.0,-1.9442,-3.78,0.376,0.0537,1.036,0.4124,0.122,25.1,0.6594,38,16,0,0,0.7105,289,313,50,271,123,306,-0.1259,-0.201,-1.3074,1.0793,-1.7616,-1.9769,0.6447,-1.038
Hans Nicolussi Caviglia,Parma Calcio 1913,CEN,MEZZALA,1456.0,-0.3463,-0.125,-0.6395,-0.3066,-0.3085,-0.2771,0.177,10.52,1.0511,0.2932,0.2408,0.1171,0.1902,0.1902,0,0.864,0.0,-0.9295,-0.864,0.053,0.1071,0.9766,0.1361,-0.707,25.93,0.5874,38,26,0,0,0.8421,291,306,185,271,150,203,-0.3004,-0.2562,0.2247,-1.1158,-1.664,-1.1367,0.4336,-0.0933
Al Musrati,Verona,CEN,MEZZALA,832.0,-0.3467,-0.3047,-0.2327,-0.208,-0.2086,-0.2868,0.1375,8.12,1.0228,0.3674,0.1689,0.151,,,0,0.19,,-0.4359,-0.19,0.021,0.0444,1.0367,0.1371,0.369,30.13,0.2315,38,18,0,0,0.7368,292,311,242,326,287,288,-0.8703,-0.9292,0.0092,-0.1746,,-0.3933,-1.1,-1.222
Isak Vural,Pisa,CEN,MEZZALA,752.0,-0.35,-0.2643,-0.2469,-0.437,-0.4375,-0.2022,0.1637,9.9091,0.9455,0.2398,0.186,0.1697,,,0,0.77,0.0,-0.8775,-0.77,0.092,0.0203,1.06,0.1219,0.129,19.99,0.7305,38,15,1,45,0.5524,293,286,198,271,81,339,-0.4921,-0.4275,-0.5793,-1.7931,-1.664,-1.0584,1.0502,-3.0
Ndary Adopo,Cagliari,CEN,MEZZALA,3074.0,-0.3509,-0.2271,-0.5461,-0.5727,-0.562,-0.0479,0.1553,12.2225,,0.4517,0.1902,0.1326,0.1418,0.1418,1,2.52,0.397,-0.9575,-1.52,0.074,0.0717,0.9927,0.1746,0.276,25.85,0.5948,38,38,0,0,1.0,294,198,216,229,148,3,-0.6136,0.2211,,0.8946,-0.8917,-1.1789,0.4655,1.5991
Roberto Piccoli,Fiorentina,ATT,CENTRAVANTI,1653.0,-0.3525,-0.7502,0.2584,-0.0601,-0.0902,-0.2729,0.449,18.5821,0.9765,0.251,0.4192,0.4668,0.4438,0.4423,4,6.81,0.587,-1.0768,-2.81,0.371,0.0871,1.0046,0.4158,-0.604,25.32,0.6415,38,32,0,0,0.9211,295,303,40,203,136,108,0.1332,0.0114,-0.2775,-1.7693,-0.5627,-0.9122,0.5629,0.6489
Armel Bella Kotchap,Verona,DIF,CENTRALE,1347.0,-0.3536,-0.2668,-0.242,-0.2865,-0.2733,-0.2518,0.0563,6.6182,0.9189,0.259,0.0851,0.067,0.0924,0.093,0,0.08,,-0.2828,-0.08,0.005,0.0033,0.9911,0.0021,-0.803,24.45,0.7048,38,19,1,49,0.5961,296,297,346,326,107,333,-1.3803,-0.9091,-0.8464,-1.1265,,-0.0992,0.9184,-2.1707
Lorenzo Colombo,Genoa,ATT,CENTRAVANTI,2373.0,-0.3566,-0.6887,0.0262,-0.4491,-0.4412,-0.1016,0.3863,19.2936,,0.4128,0.3694,0.4188,0.348,0.3468,6,7.89,0.76,-0.6729,-1.89,0.299,0.0709,0.9973,0.3183,-0.261,24.21,0.7181,38,38,0,0,1.0,297,226,76,167,96,3,-0.5919,0.1534,,0.0432,-0.2093,-0.4164,0.9132,1.2809
Nahuel Estévez,Parma Calcio 1913,CEN,MEZZALA,1001.0,-0.3571,-0.0517,-0.5936,-0.0867,-0.0911,-0.2633,0.1826,8.6355,0.9261,0.2172,0.2445,0.1363,0.2196,0.2196,0,0.63,0.0,-0.7937,-0.63,0.057,0.0998,0.9909,0.2597,-0.538,30.52,0.2125,38,32,0,0,0.9211,298,300,176,271,295,108,-0.2193,-0.7847,-0.727,-2.0798,-1.664,-0.9322,-1.1819,0.7534
Nemanja Matic,Sassuolo,CEN,MEZZALA,2686.0,-0.3591,-0.43,-0.3158,-0.1395,-0.1333,-0.1425,0.0707,5.516,,0.4472,0.0972,0.0844,0.1282,0.1283,1,0.33,,1.1663,0.67,0.011,0.0308,1.0032,0.0143,-0.615,37.81,0.0704,38,34,0,0,0.9474,299,253,332,326,350,67,-1.8349,-1.6593,,0.8375,,2.0198,-1.7942,1.0353
Juan Jesus,Napoli,DIF,CENTRALE,1670.0,-0.3671,-0.3282,-0.309,-0.1908,-0.1594,-0.28,0.0558,4.7147,1.0461,0.2939,0.0797,0.0656,0.0857,0.0981,0,0.2,,-0.4472,-0.2,0.011,0.0151,1.0277,0.0079,-0.639,34.95,0.1062,38,24,0,0,0.8158,300,309,347,326,344,231,-1.3914,-1.5975,0.1173,-0.6375,,-0.3363,-1.732,-0.1912
Christopher Nkunku,AC Milan,ATT,CENTRAVANTI,1343.0,-0.3687,-0.046,-0.7097,-0.7716,-0.7502,-0.3865,0.4846,14.3838,0.9966,0.2346,0.5842,0.3626,0.3791,0.3641,2,6.13,0.326,-1.6681,-4.13,0.411,0.1079,0.9915,0.4593,-0.724,28.52,0.3403,38,32,0,0,0.9211,301,339,27,240,248,108,0.5438,-0.8265,-0.1225,-1.953,-1.0958,-1.638,-0.8149,0.6489
Stanislav Lobotka,Napoli,CEN,MEZZALA,2442.0,-0.3736,-0.315,-0.4579,-0.1547,-0.1924,-0.1953,0.0828,5.5069,0.9567,0.4505,0.1202,0.0875,0.1346,0.1276,1,0.41,,0.9214,0.59,0.015,0.0394,1.011,0.071,0.312,31.49,0.1751,38,32,1,11,0.8516,302,282,307,326,310,193,-1.6602,-1.6619,-0.494,0.8794,,1.6509,-1.343,0.0085
Abdou Harroui,Verona,CEN,MEZZALA,908.0,-0.3752,-0.2636,-0.1618,-0.2566,-0.2627,-0.3169,0.1594,10.0233,0.6774,0.2999,0.2028,0.1512,0.1939,0.1939,0,0.42,,-0.6481,-0.42,0.042,0.0684,1.0126,0.091,-0.743,28.36,0.3539,38,23,0,0,0.8026,303,317,207,326,243,244,-0.5547,-0.3955,-2.6203,-1.0308,,-0.7129,-0.5726,-0.5167
Christian Ordóñez,Parma Calcio 1913,CEN,MEZZALA,1076.0,-0.3753,-0.0328,-0.3933,-0.2489,-0.2392,-0.1802,0.1338,6.7406,0.9249,0.174,0.1813,0.1352,0.1542,0.1543,1,0.45,,0.8199,0.55,0.038,0.0226,0.9734,0.0839,-0.804,21.83,0.7786,38,28,0,0,0.8684,304,275,250,326,2,172,-0.9241,-1.316,-0.7361,-2.6277,,1.4981,1.2575,0.1886
Marten de Roon,Atalanta,CEN,MEZZALA,2720.0,-0.3768,-0.4855,-0.3737,-0.721,-0.6953,-0.1234,0.1015,5.6701,,0.4199,0.1297,0.1059,0.1057,0.1058,1,0.82,1.22,0.1988,0.18,0.027,0.0523,0.9948,0.0806,-0.074,35.15,0.1035,38,34,0,0,0.9474,305,245,285,67,345,67,-1.3899,-1.6161,,0.4913,0.7093,0.5626,-1.6515,1.0353
Matteo Bianchetti,Cremonese,DIF,CENTRALE,2222.0,-0.3842,-0.5078,-0.2431,-0.4762,-0.4589,-0.2268,0.068,7.5094,1.2273,0.3124,0.082,0.0746,0.0722,0.0726,0,0.76,0.0,-0.8718,-0.76,0.031,0.0198,0.9887,0.0625,0.34,33.19,0.1337,38,27,0,0,0.8553,306,292,336,271,333,185,-1.1369,-0.5868,1.4901,-0.3782,-1.2412,-0.9485,-1.6103,0.1647
Berat Gjimshiti,Atalanta,DIF,CENTRALE,2522.0,-0.389,-0.2757,-0.5374,-0.2766,-0.2771,-0.1652,0.0827,5.2988,,0.3353,0.1316,0.0508,0.1249,0.1253,0,1.7,0.0,-1.3038,-1.7,0.061,0.0114,0.9898,0.0972,0.168,33.26,0.1324,38,34,0,0,0.9474,307,269,308,271,335,67,-0.8293,-1.3862,,-0.0574,-1.2412,-1.5715,-1.616,0.9945
Danilo Veiga,Lecce,DIF,TERZINO,3026.0,-0.3932,-0.3973,-0.3601,-0.4485,-0.4259,-0.0627,0.0625,7.3295,,0.3013,0.0808,0.0615,0.0657,0.066,0,0.26,,-0.5099,-0.26,0.008,0.0419,0.9874,0.1992,2.144,23.66,0.7403,38,36,0,0,0.9737,308,202,342,326,73,27,-1.2517,-0.6519,,-0.5338,,-0.4267,1.0756,1.2315
Ebenezer Akinsanmiro,Pisa,CEN,MEZZALA,1441.0,-0.3934,-0.5303,-0.1926,-0.4615,-0.4597,-0.1845,0.1797,12.1272,0.9461,0.334,0.1789,0.193,0.191,0.1911,0,1.09,0.0,-1.044,-1.09,0.068,0.1031,1.0114,0.0547,-0.678,21.49,0.7766,38,24,0,0,0.8158,309,276,179,271,12,231,-0.2616,0.1944,-0.5747,-0.5983,-1.664,-1.3092,1.2488,-0.3752
Alessandro Circati,Parma Calcio 1913,DIF,CENTRALE,2667.0,-0.3971,-0.4047,-0.2167,-0.2734,-0.262,-0.1936,0.0502,7.1437,0.8419,0.2952,0.0552,0.0677,0.0879,0.0883,1,0.74,1.351,0.3022,0.26,0.025,0.0081,0.9836,0.0153,-0.525,22.62,0.7658,38,31,0,0,0.9079,310,280,351,50,36,123,-1.5084,-0.7191,-1.4297,-0.6192,1.0124,0.7443,1.1885,0.6386
Simone Canestrelli,Pisa,DIF,CENTRALE,3200.0,-0.4066,-0.5602,-0.2411,-0.4055,-0.3856,-0.1889,0.0622,6.7448,,0.4008,0.0609,0.08,0.0936,0.0939,1,1.34,0.746,-0.2937,-0.34,0.038,0.0127,0.9949,0.0481,-0.141,25.7,0.6084,38,37,0,0,0.9868,311,278,343,170,145,12,-1.2581,-0.8633,,0.8604,0.0032,-0.115,0.4916,1.3495
Malthe Højholt,Pisa,CEN,MEZZALA,857.0,-0.4088,-0.3147,-0.3823,-0.2752,-0.2768,-0.2461,0.1637,9.5484,0.9597,0.3084,0.1991,0.1565,0.2051,0.2052,0,0.94,0.0,-0.9695,-0.94,0.099,0.0168,0.9702,0.0787,-0.091,25.1,0.6594,38,17,0,0,0.7237,312,296,199,271,123,300,-0.4921,-0.5287,-0.4712,-0.923,-1.664,-1.1969,0.7438,-1.3624
Nicolò Cambiaghi,Bologna,ATT,ALA,1510.0,-0.41,-0.1712,-0.6271,-0.1392,-0.1612,-0.3373,0.3837,15.6282,1.0194,0.3265,0.4696,0.3247,0.3989,0.3975,3,2.91,1.031,0.0528,0.09,0.173,0.1812,0.9998,0.0956,-0.848,25.4,0.6348,38,28,1,31,0.7545,313,324,78,102,139,275,-0.6215,-0.5782,0.0534,-0.9235,0.3441,0.4744,0.5322,-0.6856
Jean-Daniel Akpa-Akpro,Verona,CEN,MEZZALA,1531.0,-0.4134,-0.3958,-0.2932,-0.6554,-0.6385,-0.3331,0.1198,9.11,0.996,0.3961,0.1383,0.1433,0.1246,0.1247,1,0.88,1.136,0.1279,0.12,0.052,0.0235,0.9773,0.0348,-0.553,26.26,0.5564,38,22,0,0,0.7895,314,321,262,78,166,254,-1.1261,-0.6516,-0.1948,0.1894,0.5459,0.4558,0.3,-0.6571
Ardian Ismajli,Torino,DIF,CENTRALE,1907.0,-0.4208,-0.4367,-0.3315,-0.5985,-0.5733,-0.3999,0.0794,6.8466,0.9863,0.2587,0.0971,0.0801,0.0758,0.0763,0,0.75,0.0,-0.866,-0.75,0.035,0.0255,0.9727,0.0051,-0.902,29.65,0.2587,38,25,1,27,0.7239,315,341,318,271,275,297,-0.8984,-0.8265,-0.3357,-1.1307,-1.2412,-0.9402,-1.0568,-1.0192
Aster Vranckx,Sassuolo,CEN,MEZZALA,693.0,-0.4214,-0.328,-0.3091,-0.325,-0.3218,-0.2674,0.1324,7.2286,0.7527,0.3678,0.1806,0.1385,0.1794,0.1794,0,0.08,,-0.2828,-0.08,0.01,0.0117,0.9577,0.0102,-0.338,23.64,0.7409,38,16,0,0,0.7105,316,301,251,326,72,306,-0.9431,-1.1791,-2.0471,-0.1696,,-0.1627,1.095,-1.5039
Kialonda Gaspar,Lecce,DIF,CENTRALE,1827.0,-0.432,-0.4365,-0.2547,-0.2449,-0.245,-0.4391,0.0633,7.401,1.0691,0.2554,0.0762,0.0783,0.1005,0.101,0,0.78,0.0,-0.8832,-0.78,0.038,0.0,1.0261,0.0028,-0.917,28.65,0.3296,38,23,1,90,0.5576,317,348,341,271,254,338,-1.2337,-0.626,0.2915,-1.1769,-1.2412,-0.965,-0.7429,-2.5176
Gaetano Oristanio,Parma Calcio 1913,ATT,TREQUARTISTA,853.0,-0.4371,-0.5777,-0.1796,-0.6063,-0.6093,-0.4087,0.3755,15.1832,1.068,0.4303,0.3906,0.3984,,,1,2.39,0.418,-0.8991,-1.39,0.252,0.0644,1.0534,0.1271,-0.624,26.05,0.5762,38,20,1,50,0.607,318,344,87,227,157,332,-0.716,-0.667,0.4284,0.2392,-0.9079,-0.6941,0.2642,-1.8671
Romano Floriani,Cremonese,CEN,ESTERNO_C,1156.0,-0.4464,-0.3495,-0.3998,-0.269,-0.2668,-0.231,0.1588,8.4196,0.988,0.2037,0.2017,0.1384,0.1961,0.1961,0,0.2,,-0.4472,-0.2,0.016,0.1012,0.9719,0.1537,-0.606,23.32,0.7477,38,28,0,0,0.8684,319,294,209,326,58,172,-0.5624,-0.8452,-0.2557,-2.251,,-0.4103,1.1243,0.1886
Giovanni Fabbian,Fiorentina,ATT,TREQUARTISTA,1160.0,-0.4476,-0.4683,-0.3257,0.0645,0.034,-0.2566,0.3792,12.3052,0.9739,0.4071,0.4235,0.3695,0.4499,0.448,2,2.67,0.749,-0.41,-0.67,0.207,0.1282,1.0352,0.2552,0.115,23.36,0.7471,38,29,0,0,0.8816,320,299,84,168,62,156,-0.6732,-1.2414,-0.2976,-0.0207,-0.2318,-0.0937,1.0459,0.3325
Oumar Ngom,Lecce,CEN,MEDIANO,847.0,-0.4549,-0.2476,-0.3138,-0.2573,-0.2555,-0.1943,0.1368,9.9918,1.0911,0.2134,0.1758,0.1457,0.1804,0.1804,0,0.25,,-0.5,-0.25,0.027,0.0202,0.9829,0.0272,-0.944,22.21,0.7757,16,15,0,0,0.9688,321,281,243,326,14,36,-0.88,-0.4044,0.5292,-2.1279,,-0.4898,1.245,1.2647
M'Bala Nzola,Sassuolo,ATT,CENTRAVANTI,1514.0,-0.4554,-0.0907,-0.8639,0.0785,0.0404,-0.3362,0.4008,16.179,1.0679,0.4461,0.4871,0.3094,0.4382,0.4368,2,5.034,0.397,-1.3523,-3.034,0.299,0.0731,0.9803,0.3574,0.137,29.76,0.2521,38,30,0,0,0.8947,322,323,66,229,278,138,-0.4244,-0.4683,0.4276,0.4162,-0.9507,-1.2504,-1.2183,0.4374
Nadir Zortea,Bologna,CEN,TERZINO,1776.0,-0.4584,-0.4858,-0.3026,-0.2989,-0.3039,-0.2773,0.1774,9.7952,0.8816,0.2769,0.1734,0.1953,0.2113,0.2113,0,0.42,,-0.6481,-0.42,0.021,0.1444,0.991,0.0486,-0.737,26.93,0.4928,38,32,0,0,0.9211,323,307,183,326,200,108,-0.2942,-0.4595,-1.0657,-1.3225,,-0.7129,0.0259,0.7534
Fikayo Tomori,AC Milan,DIF,CENTRALE,2572.0,-0.4654,-0.273,-0.6946,-0.5232,-0.3243,-0.3801,0.0692,5.1504,,0.2747,0.1171,0.0406,0.078,0.1226,0,0.6,0.0,-0.7746,-0.6,0.021,0.035,0.9912,0.0031,-0.937,28.43,0.3479,38,33,0,0,0.9342,324,338,334,271,246,88,-1.1103,-1.4399,,-0.9065,-1.2412,-0.8084,-0.6618,0.8756
Arturo Calabresi,Pisa,DIF,CENTRALE,1536.0,-0.4722,-0.4052,-0.389,-0.3011,-0.2909,-0.3451,0.0533,5.4317,0.8827,0.2892,0.0755,0.0663,0.0877,0.0882,0,0.24,,-0.4899,-0.24,0.014,0.0041,0.9939,0.0033,-0.742,30.18,0.2289,38,26,1,1,0.7949,325,329,349,326,289,251,-1.4433,-1.3382,-1.1206,-0.7033,,-0.3979,-1.1887,-0.3795
Torbjørn Heggem,Bologna,DIF,CENTRALE,2109.0,-0.4775,-0.3913,-0.5108,-0.4296,-0.4172,-0.3115,0.0665,5.8654,1.129,0.2729,0.1022,0.0548,0.1204,0.1208,0,1.02,0.0,-1.01,-1.02,0.044,0.0026,0.9521,0.0089,-0.778,27.36,0.4488,38,27,0,0,0.8553,326,315,338,271,216,185,-1.1671,-1.1813,0.7453,-0.9317,-1.2412,-1.1478,-0.2151,0.1647
Alieu Fadera,Sassuolo,ATT,ALA,959.0,-0.4911,-0.3398,-0.604,-0.7018,-0.6778,-0.3293,0.3827,10.4471,1.0976,0.329,0.4662,0.3323,0.3374,0.3356,2,2.37,0.844,-0.2403,-0.37,0.222,0.0816,0.9828,0.035,-0.905,24.55,0.6986,38,28,1,14,0.7923,327,320,79,148,108,252,-0.6333,-1.6122,0.6567,-0.8955,-0.0378,0.1146,0.824,-0.3828
Alessandro Buongiorno,Napoli,DIF,CENTRALE,2526.0,-0.4913,-0.29,-0.7068,-0.5171,-0.5772,-0.3525,0.08,6.2661,,0.1923,0.1257,0.0442,0.0702,0.0702,0,1.65,0.0,-1.2845,-1.65,0.059,0.0121,1.0184,0.0166,-0.879,26.97,0.4891,38,33,0,0,0.9342,328,332,315,271,202,88,-0.8854,-1.0364,,-2.0611,-1.2412,-1.5436,-0.0366,0.8756
Vitinha,Genoa,ATT,CENTRAVANTI,2262.0,-0.4936,-0.4076,-0.5305,0.2067,0.1575,-0.3727,0.3811,19.987,,0.2292,0.4302,0.3501,0.4564,0.4553,5,6.92,0.723,-0.7299,-1.92,0.275,0.0867,0.9941,0.3761,-0.628,26.19,0.5631,38,35,0,0,0.9605,329,337,82,176,162,47,-0.651,0.2917,,-2.0135,-0.2849,-0.4864,0.2042,0.9645
Matteo Gabbia,AC Milan,DIF,CENTRALE,2531.0,-0.4984,-0.2421,-0.7895,-0.5665,-0.5408,-0.4153,0.0694,5.504,0.996,0.3007,0.1241,0.037,0.0778,0.0753,0,1.55,0.0,-1.245,-1.55,0.055,0.0018,1.0065,0.0226,-0.601,26.59,0.525,38,30,1,31,0.7808,330,346,333,271,188,258,-1.1069,-1.312,-0.2623,-0.5422,-1.2412,-1.4867,0.1223,-0.5065
Alessandro Marcandalli,Genoa,DIF,CENTRALE,2597.0,-0.5178,-0.6015,-0.3507,-0.6067,-0.5781,-0.2552,0.0494,5.546,0.862,0.3642,0.0563,0.0658,0.062,0.0623,0,0.27,,-0.5196,-0.27,0.009,0.0229,0.9997,0.0575,0.942,23.58,0.7425,38,32,0,0,0.9211,331,298,352,326,71,108,-1.5246,-1.2968,-1.2774,0.3476,,-0.4407,1.0853,0.7576
Jacob Ondrejka,Parma Calcio 1913,ATT,ALA,768.0,-0.5437,-0.4283,-0.4551,-0.4766,-0.476,-0.4412,0.3457,13.1196,1.0656,0.4301,0.4228,0.3323,0.37,0.3681,0,1.42,0.0,-1.1916,-1.42,0.166,0.0504,1.0164,0.0917,-0.533,23.72,0.7385,38,16,1,73,0.5033,332,349,100,271,76,348,-1.0599,-1.0788,0.4098,0.2369,-1.7616,-1.0531,1.0065,-2.6978
Albert Gudmundsson,Fiorentina,ATT,TREQUARTISTA,2290.0,-0.552,-0.29,-0.7579,-0.1749,-0.19,-0.3698,0.317,15.5151,,0.4426,0.4116,0.2712,0.4064,0.4051,2,3.5,0.571,-0.8018,-1.5,0.138,0.149,1.0115,0.4072,0.483,28.94,0.307,38,33,0,0,0.9342,333,335,110,205,259,88,-1.3916,-0.6008,,0.377,-0.5954,-0.5747,-0.9672,0.7539
Alessio Romagnoli,Lazio,DIF,CENTRALE,2670.0,-0.5605,-0.5462,-0.5354,-0.6486,-0.6271,-0.3439,0.0658,7.0103,0.9204,0.2399,0.0877,0.0634,0.0674,0.0678,0,1.53,0.0,-1.2369,-1.53,0.052,0.0024,1.0206,0.0191,-0.618,31.36,0.1794,38,32,1,16,0.8405,334,328,340,271,309,212,-1.1814,-0.7673,-0.835,-1.3941,-1.2412,-1.475,-1.4079,0.0314
Boulaye Dia,Lazio,ATT,TREQUARTISTA,1257.0,-0.5622,-0.6332,-0.3822,-0.6974,-0.6815,-0.3639,0.367,13.5113,1.1072,0.2837,0.3985,0.3758,0.3338,0.3322,1,2.7,0.37,-1.0346,-1.7,0.193,0.1224,1.0061,0.3405,-0.613,29.52,0.2668,38,27,0,0,0.8553,335,334,93,233,274,185,-0.8145,-1.0007,0.7308,-1.403,-1.0059,-0.8604,-1.1511,0.1218
Morten Frendrup,Genoa,CEN,MEZZALA,3093.0,-0.5622,-0.6589,-0.5238,-0.4961,-0.4765,-0.2292,0.0724,6.1363,,0.3285,0.0974,0.0829,0.1251,0.1251,1,0.27,,1.4049,0.73,0.008,0.0393,0.9881,0.0144,-0.743,25.13,0.657,38,36,0,0,0.9737,335,293,327,326,127,27,-1.8095,-1.4854,,-0.668,,2.3791,0.7335,1.3172
Marin Pongracic,Fiorentina,DIF,CENTRALE,2923.0,-0.576,-0.5895,-0.5051,-0.6358,-0.6082,-0.2675,0.0542,5.2161,,0.2563,0.0777,0.0509,0.0651,0.0654,0,0.6,0.0,-0.7746,-0.6,0.018,0.0212,0.9958,0.0142,-0.625,24.01,0.7276,38,35,0,0,0.9605,337,302,348,271,84,47,-1.4245,-1.4161,,-1.1643,-1.2412,-0.8084,1.0194,1.1126
Matteo Tramoni,Pisa,ATT,TREQUARTISTA,1630.0,-0.5778,-0.7087,-0.4341,-0.494,-0.5037,-0.3582,0.3451,16.903,1.057,0.3536,0.3714,0.3595,0.3956,0.3943,1,2.44,0.41,-0.9219,-1.44,0.135,0.1596,0.9697,0.1841,-0.584,26.34,0.5488,38,27,0,0,0.8553,338,333,101,228,173,185,-1.067,-0.3238,0.3435,-0.62,-0.9242,-0.7221,0.1388,0.1218
Henrik Meister,Pisa,ATT,CENTRAVANTI,1494.0,-0.5827,-0.4202,-0.7324,0.0233,-0.0228,-0.4119,0.3822,18.0944,1.0402,0.3744,0.4702,0.3307,0.486,0.4844,2,5.34,0.375,-1.4454,-3.34,0.322,0.0392,1.0257,0.2337,-0.376,22.53,0.7686,38,28,0,0,0.8684,339,345,80,232,29,172,-0.6383,-0.086,0.2139,-0.387,-0.9957,-1.3647,1.1442,0.2268
Nikola Vlasic,Torino,ATT,TREQUARTISTA,3079.0,-0.59,-0.7111,-0.4228,-0.4818,-0.4747,-0.3237,0.2769,16.2646,,0.4932,0.3001,0.2971,0.306,0.3052,3,3.62,0.829,-0.3259,-0.62,0.106,0.1377,0.9903,0.2424,0.033,28.64,0.3305,38,37,0,0,0.9868,340,318,119,154,252,12,-1.8549,-0.4512,,0.9438,-0.0684,0.0095,-0.8597,1.1752
Tete Morente,Lecce,ATT,ALA,859.0,-0.5974,-0.5686,-0.3966,-0.4399,-0.4392,-0.5037,0.3289,13.8124,0.9114,0.4238,0.3943,0.3392,0.3702,0.3682,0,0.97,0.0,-0.9849,-0.97,0.102,0.0859,0.9951,0.1029,-0.498,29.47,0.27,38,16,0,0,0.7105,341,351,105,271,272,306,-1.2542,-0.9406,-0.7797,0.1664,-1.7616,-0.7994,-1.1364,-1.038
Jay Idzes,Sassuolo,DIF,CENTRALE,3065.0,-0.6199,-0.7133,-0.4433,-0.1921,-0.1927,-0.4737,0.0437,5.1029,,0.2163,0.0413,0.068,0.1204,0.1207,0,0.2,,-0.4472,-0.2,0.006,0.0217,0.9872,0.0154,-0.427,25.97,0.5837,38,35,1,21,0.8689,342,350,353,326,151,165,-1.6438,-1.4571,,-1.7248,,-0.3363,0.3822,0.2873
Ylber Ramadani,Lecce,CEN,MEDIANO,3236.0,-0.6291,-0.7436,-0.5104,-0.6022,-0.5847,-0.0887,0.0932,9.17,,0.4338,0.1101,0.1051,0.1091,0.1091,1,1.23,0.813,-0.2074,-0.23,0.034,0.0389,0.9968,0.096,0.325,30.11,0.2325,38,37,0,0,0.9868,343,219,299,158,284,12,-1.5099,-0.6348,,0.6676,-0.0824,-0.0491,-1.0957,1.4577
Roberto Gagliardini,Verona,CEN,MEZZALA,2212.0,-0.6751,-0.7346,-0.6513,-0.8246,-0.8058,-0.5776,0.107,9.067,1.1106,0.2611,0.125,0.1227,0.1051,0.1051,1,1.34,0.746,-0.2937,-0.34,0.055,0.0264,1.0002,0.0435,-0.57,34.29,0.1155,38,29,1,32,0.7655,344,353,276,170,342,266,-1.3099,-0.6637,0.6776,-1.5229,-0.2128,-0.1791,-1.5998,-0.9144
Victor Nelsson,Verona,DIF,CENTRALE,3316.0,-0.6839,-0.695,-0.6175,-0.4779,-0.4601,-0.4,0.0309,4.7809,,0.3327,0.0463,0.0403,0.0728,0.0731,0,0.46,,-0.6782,-0.46,0.012,0.0016,0.9975,0.0187,0.367,27.61,0.4237,38,38,0,0,1.0,345,342,354,326,226,3,-1.9106,-1.5735,,-0.0938,,-0.6694,-0.3262,1.4685
Marius Marin,Pisa,CEN,MEZZALA,1307.0,-0.7231,-0.7416,-0.5502,-0.6178,-0.6076,-0.4369,0.0799,5.004,1.0873,0.2427,0.1155,0.11,0.1425,0.1425,0,0.08,,-0.2828,-0.08,0.006,0.0014,0.9599,0.0221,-0.201,24.01,0.7276,38,23,1,2,0.7532,346,347,317,326,84,276,-1.7019,-1.8029,0.5003,-1.7563,,-0.1627,1.0377,-1.0462
Amin Sarr,Verona,ATT,CENTRAVANTI,1046.0,-0.7297,-0.5497,-0.7368,-0.531,-0.5281,-0.4021,0.3612,10.2964,,0.3968,0.4487,0.3324,0.3809,0.379,0,1.63,0.0,-1.2767,-1.63,0.14,0.1187,1.0104,0.1093,-0.641,25.2,0.6514,38,34,0,0,0.9474,347,343,95,271,131,67,-0.8818,-1.6423,,-0.1361,-1.7616,-1.1576,0.6081,0.8596
Jesper Karlström,Udinese,CEN,MEZZALA,3164.0,-0.7819,-0.8068,-0.8197,-0.6412,-0.631,-0.2732,0.0768,6.7715,,0.3539,0.1013,0.0863,0.1295,0.1295,1,0.95,1.053,0.0513,0.05,0.027,0.0262,0.9941,0.0412,-0.24,30.92,0.1955,38,36,0,0,0.9737,348,304,321,94,300,27,-1.7459,-1.3073,,-0.3459,0.3845,0.3405,-1.2551,1.3172
Alberto Grassi,Cremonese,CEN,MEZZALA,1758.0,-0.7875,-0.7159,-0.8181,-0.7695,-0.7595,-0.371,0.1056,7.2962,1.0467,0.2994,0.158,0.0994,0.1408,0.1408,0,0.77,0.0,-0.8775,-0.77,0.039,0.0235,0.9764,0.0569,-0.116,31.21,0.1846,38,30,0,0,0.8947,349,336,277,271,304,138,-1.3301,-1.1602,0.1912,-1.0371,-1.664,-1.0584,-1.3021,0.4705
Mandela Keita,Parma Calcio 1913,CEN,MEZZALA,3016.0,-0.8013,-0.7796,-0.7706,-0.6828,-0.6642,-0.192,0.0522,5.5382,,0.4111,0.0839,0.0622,0.0995,0.0995,1,0.48,,0.7506,0.52,0.014,0.0084,0.9964,0.0436,0.94,24.04,0.7262,38,37,0,0,0.9868,350,279,350,326,88,12,-2.1016,-1.6531,,0.3796,,1.3937,1.0317,1.4577
Warren Bondo,Cremonese,CEN,MEZZALA,1788.0,-0.8455,-0.7573,-0.8199,-0.6099,-0.6041,-0.3396,0.0722,5.8518,1.0329,0.31,0.1117,0.0889,0.1292,0.1292,0,0.29,,-0.5385,-0.29,0.015,0.0086,0.9753,0.1034,2.18,22.69,0.7633,38,27,0,0,0.8553,351,325,328,326,42,185,-1.8126,-1.5652,0.0861,-0.9027,,-0.5478,1.1915,0.0482
Eljif Elmas,Napoli,ATT,ALA,1791.0,-0.8466,-0.9598,-0.5146,-0.6617,-0.3007,-0.5532,0.3217,11.7471,,0.3582,0.3383,0.3572,0.3402,0.4033,1,3.64,0.275,-1.3837,-2.64,0.183,0.0874,1.0062,0.3436,-0.085,26.66,0.5184,38,33,0,0,0.9342,352,352,109,243,189,88,-1.3378,-1.3528,,-0.5685,-1.1999,-1.2889,-0.0002,0.7539
Santiago Pierotti,Lecce,ATT,ALA,2661.0,-1.0711,-0.9833,-1.1411,-0.9855,-0.9693,-0.3899,0.2599,16.8683,,0.4031,0.3285,0.2443,0.2871,0.2861,1,3.76,0.266,-1.4234,-2.76,0.127,0.0883,0.9866,0.477,1.074,25.14,0.6562,38,37,0,0,0.9868,353,340,128,244,130,12,-2.0522,-0.3307,,-0.0655,-1.2183,-1.3377,0.6301,1.1752
Teun Koopmeiners,Juventus,ATT,TREQUARTISTA,1803.0,-1.2754,-1.0892,-1.2212,-0.855,-0.8445,-0.8906,0.2214,5.8448,,0.367,0.3251,0.2308,0.327,0.3039,0,1.8,0.0,-1.3416,-1.8,0.09,0.0364,1.0239,0.093,-0.207,28.23,0.3653,38,33,0,0,0.9342,354,354,149,271,238,88,-2.4964,-2.5307,,-0.4699,-1.7616,-1.2373,-0.7005,0.7539
